3.25	Lyft	Back Bay	South Station	19.5	1.0	lyft_plus	Lyft XL	2018	12.0	14.0	20.0
3.22	Lyft	Fenway	North Station	7.0	1.0	lyft_line	Shared	2018	11.0	29.0	14.0
2.93	Lyft	Boston University	West End	16.5	1.0	lyft_plus	Lyft XL	2018	11.0	29.0	2.0
1.52	Lyft	Back Bay	Fenway	13.5	1.0	lyft_plus	Lyft XL	2018	12.0	1.0	2.0
3.18	Lyft	Fenway	North Station	9.0	1.0	lyft_line	Shared	2018	11.0	30.0	17.0
4.27	Lyft	Northeastern University	Financial District	13.5	1.0	lyft	Lyft	2018	12.0	15.0	10.0
3.36	Lyft	Boston University	West End	38.0	1.0	lyft_luxsuv	Lux Black XL	2018	12.0	3.0	18.0
0.58	Lyft	South Station	Theatre District	3.0	1.0	lyft_line	Shared	2018	12.0	2.0	22.0
2.88	Lyft	Theatre District	Boston University	9.0	1.0	lyft_line	Shared	2018	12.0	16.0	14.0
0.66	Lyft	West End	Haymarket Square	16.5	1.0	lyft_lux	Lux Black	2018	11.0	28.0	21.0
2.98	Lyft	Fenway	West End	19.5	1.0	lyft_premier	Lux	2018	11.0	26.0	22.0
2.12	Lyft	Northeastern University	Theatre District	16.5	1.0	lyft_plus	Lyft XL	2018	12.0	18.0	8.0
5.36	Lyft	Boston University	Financial District	34.0	1.0	lyft_lux	Lux Black	2018	12.0	16.0	6.0
0.72	Lyft	Haymarket Square	North Station	16.5	1.0	lyft_lux	Lux Black	2018	11.0	27.0	20.0
4.51	Lyft	Fenway	Financial District	26.0	1.0	lyft_premier	Lux	2018	12.0	18.0	16.0
2.44	Lyft	Beacon Hill	Fenway	32.5	1.0	lyft_luxsuv	Lux Black XL	2018	11.0	27.0	9.0
2.17	Lyft	Northeastern University	Theatre District	27.5	1.0	lyft_luxsuv	Lux Black XL	2018	11.0	27.0	3.0
1.25	Lyft	Theatre District	Haymarket Square	13.5	1.0	lyft_premier	Lux	2018	11.0	26.0	16.0
2.12	Lyft	Northeastern University	Theatre District	22.5	1.0	lyft_lux	Lux Black	2018	12.0	16.0	0.0
1.97	Lyft	Theatre District	Northeastern University	32.5	1.0	lyft_luxsuv	Lux Black XL	2018	12.0	13.0	22.0
1.06	Lyft	North End	North Station	16.5	1.0	lyft_lux	Lux Black	2018	11.0	27.0	12.0
1.24	Lyft	Beacon Hill	Haymarket Square	7.0	1.0	lyft_line	Shared	2018	11.0	27.0	9.0
2.98	Lyft	Back Bay	North End	19.5	1.0	lyft_premier	Lux	2018	11.0	29.0	14.0
2.45	Lyft	North End	Back Bay	7.0	1.0	lyft_line	Shared	2018	12.0	14.0	15.0
1.81	Lyft	North End	Theatre District	7.0	1.0	lyft_line	Shared	2018	12.0	18.0	16.0
2.18	Lyft	Theatre District	Northeastern University	10.5	1.0	lyft	Lyft	2018	11.0	29.0	16.0
3.31	Lyft	Back Bay	South Station	10.5	1.0	lyft	Lyft	2018	12.0	14.0	9.0
3.23	Lyft	North Station	Fenway	16.5	1.25	lyft	Lyft	2018	12.0	2.0	14.0
3.06	Lyft	West End	Boston University	22.5	1.0	lyft_premier	Lux	2018	11.0	28.0	13.0
1.02	Lyft	North End	Financial District	10.5	1.0	lyft_premier	Lux	2018	12.0	13.0	16.0
2.32	Lyft	North Station	South Station	27.5	1.0	lyft_luxsuv	Lux Black XL	2018	12.0	2.0	8.0
1.03	Lyft	North End	North Station	26.0	1.0	lyft_luxsuv	Lux Black XL	2018	12.0	2.0	3.0
1.13	Lyft	Theatre District	South Station	7.0	1.0	lyft	Lyft	2018	11.0	27.0	0.0
0.68	Lyft	South Station	Theatre District	7.0	1.0	lyft_line	Shared	2018	11.0	28.0	15.0
2.93	Lyft	Fenway	West End	27.5	1.25	lyft_lux	Lux Black	2018	12.0	14.0	4.0
1.44	Lyft	Boston University	Back Bay	13.5	1.0	lyft_premier	Lux	2018	12.0	16.0	6.0
2.36	Lyft	Fenway	Beacon Hill	10.5	1.25	lyft	Lyft	2018	11.0	26.0	19.0
2.13	Lyft	South Station	North Station	16.5	1.0	lyft_premier	Lux	2018	11.0	28.0	13.0
1.03	Lyft	Haymarket Square	Financial District	5.0	1.0	lyft_line	Shared	2018	11.0	29.0	0.0
0.65	Lyft	West End	Haymarket Square	11.0	1.0	lyft_premier	Lux	2018	11.0	27.0	9.0
1.92	Lyft	North Station	South Station	16.5	1.0	lyft_plus	Lyft XL	2018	11.0	29.0	2.0
3.22	Lyft	North Station	Fenway	32.5	1.0	lyft_luxsuv	Lux Black XL	2018	11.0	30.0	12.0
3.44	Lyft	Northeastern University	Financial District	7.0	1.0	lyft_line	Shared	2018	11.0	28.0	21.0
1.06	Lyft	Northeastern University	Back Bay	13.5	1.0	lyft_premier	Lux	2018	11.0	27.0	14.0
1.05	Lyft	Financial District	Haymarket Square	27.5	1.0	lyft_luxsuv	Lux Black XL	2018	11.0	26.0	16.0
4.31	Lyft	Financial District	Fenway	34.0	1.0	lyft_lux	Lux Black	2018	12.0	13.0	8.0
1.18	Lyft	West End	North End	16.5	1.0	lyft_lux	Lux Black	2018	12.0	4.0	2.0
2.44	Lyft	Fenway	Beacon Hill	22.5	1.0	lyft_lux	Lux Black	2018	11.0	28.0	10.0
3.26	Lyft	North Station	Northeastern University	27.5	1.5	lyft_premier	Lux	2018	12.0	15.0	10.0
2.18	Lyft	Northeastern University	Theatre District	16.5	1.0	lyft_premier	Lux	2018	12.0	3.0	20.0
1.25	Lyft	West End	North End	9.0	1.0	lyft	Lyft	2018	11.0	30.0	1.0
0.46	Lyft	South Station	Financial District	16.5	1.0	lyft_lux	Lux Black	2018	12.0	17.0	15.0
3.17	Lyft	Fenway	North Station	22.5	1.0	lyft_premier	Lux	2018	11.0	27.0	0.0
1.84	Lyft	North Station	South Station	5.0	1.0	lyft_line	Shared	2018	12.0	16.0	22.0
1.79	Lyft	North Station	South Station	30.0	1.0	lyft_luxsuv	Lux Black XL	2018	12.0	2.0	0.0
0.91	Lyft	Financial District	Haymarket Square	16.5	1.0	lyft_lux	Lux Black	2018	12.0	10.0	2.0
2.14	Lyft	Northeastern University	Theatre District	9.0	1.0	lyft	Lyft	2018	12.0	2.0	3.0
1.45	Lyft	North End	Beacon Hill	10.5	1.0	lyft_plus	Lyft XL	2018	11.0	27.0	6.0
3.55	Lyft	Financial District	Fenway	13.5	1.0	lyft	Lyft	2018	11.0	29.0	19.0
1.73	Lyft	South Station	West End	16.5	1.0	lyft_premier	Lux	2018	12.0	17.0	15.0
3.21	Lyft	Fenway	North Station	19.5	1.0	lyft_premier	Lux	2018	12.0	15.0	5.0
0.72	Lyft	Haymarket Square	North Station	10.5	1.0	lyft_plus	Lyft XL	2018	11.0	27.0	20.0
1.26	Lyft	North End	Financial District	13.5	1.0	lyft_premier	Lux	2018	11.0	28.0	13.0
1.0	Lyft	North End	Financial District	3.5	1.0	lyft_line	Shared	2018	12.0	15.0	7.0
1.42	Lyft	Back Bay	Fenway	26.0	1.0	lyft_luxsuv	Lux Black XL	2018	11.0	29.0	0.0
1.57	Lyft	Back Bay	Boston University	16.5	1.0	lyft_lux	Lux Black	2018	11.0	29.0	5.0
1.5	Lyft	South Station	Beacon Hill	7.0	1.0	lyft_line	Shared	2018	12.0	2.0	5.0
2.15	Lyft	South Station	North Station	13.5	1.0	lyft_plus	Lyft XL	2018	12.0	3.0	18.0
1.5	Lyft	South Station	Beacon Hill	11.0	1.0	lyft_plus	Lyft XL	2018	12.0	3.0	23.0
3.05	Lyft	Northeastern University	West End	16.5	1.0	lyft_plus	Lyft XL	2018	11.0	30.0	1.0
2.31	Lyft	Fenway	Beacon Hill	22.5	1.0	lyft_lux	Lux Black	2018	12.0	14.0	9.0
3.26	Lyft	North Station	Northeastern University	65.0	2.0	lyft_luxsuv	Lux Black XL	2018	12.0	15.0	18.0
0.44	Lyft	South Station	Financial District	10.5	1.0	lyft_premier	Lux	2018	11.0	30.0	23.0
3.44	Lyft	Northeastern University	Financial District	38.5	1.0	lyft_luxsuv	Lux Black XL	2018	12.0	3.0	12.0
2.8	Lyft	West End	Fenway	22.5	1.0	lyft_premier	Lux	2018	11.0	29.0	0.0
2.03	Lyft	Theatre District	Northeastern University	27.5	1.0	lyft_luxsuv	Lux Black XL	2018	11.0	28.0	10.0
1.45	Lyft	Back Bay	Northeastern University	13.5	1.0	lyft_premier	Lux	2018	11.0	30.0	15.0
2.59	Lyft	Northeastern University	Beacon Hill	9.0	1.0	lyft	Lyft	2018	11.0	28.0	15.0
3.17	Lyft	Back Bay	South Station	38.0	1.0	lyft_luxsuv	Lux Black XL	2018	11.0	29.0	2.0
1.74	Lyft	Haymarket Square	Theatre District	13.5	1.0	lyft_premier	Lux	2018	12.0	15.0	13.0
1.23	Lyft	North End	Financial District	11.0	1.0	lyft_plus	Lyft XL	2018	11.0	28.0	13.0
1.44	Lyft	Back Bay	Northeastern University	16.5	1.0	lyft_lux	Lux Black	2018	12.0	4.0	5.0
0.66	Lyft	Financial District	South Station	7.0	1.0	lyft	Lyft	2018	12.0	17.0	15.0
3.06	Lyft	Northeastern University	West End	7.0	1.0	lyft_line	Shared	2018	12.0	14.0	4.0
2.82	Lyft	West End	Northeastern University	22.5	1.25	lyft_plus	Lyft XL	2018	12.0	18.0	2.0
2.3	Lyft	Boston University	Beacon Hill	10.5	1.0	lyft	Lyft	2018	12.0	16.0	8.0
0.54	Lyft	North Station	Haymarket Square	3.5	1.0	lyft_line	Shared	2018	12.0	3.0	12.0
1.24	Lyft	West End	North End	7.0	1.0	lyft	Lyft	2018	12.0	16.0	22.0
2.95	Lyft	Boston University	West End	19.5	1.0	lyft_premier	Lux	2018	11.0	30.0	12.0
2.99	Lyft	Theatre District	Boston University	16.5	1.0	lyft_plus	Lyft XL	2018	12.0	2.0	11.0
2.0	Lyft	Theatre District	Northeastern University	9.0	1.0	lyft	Lyft	2018	12.0	15.0	10.0
1.18	Lyft	Northeastern University	Back Bay	13.5	1.0	lyft_premier	Lux	2018	11.0	27.0	9.0
1.39	Lyft	Fenway	Back Bay	7.0	1.0	lyft	Lyft	2018	12.0	16.0	6.0
3.11	Lyft	West End	Boston University	7.0	1.0	lyft_line	Shared	2018	12.0	17.0	4.0
2.51	Lyft	Beacon Hill	South Station	7.0	1.0	lyft_line	Shared	2018	11.0	28.0	13.0
3.17	Lyft	Fenway	North Station	11.0	1.0	lyft	Lyft	2018	11.0	29.0	19.0
3.31	Lyft	Northeastern University	North Station	16.5	1.0	lyft_plus	Lyft XL	2018	11.0	30.0	1.0
1.48	Lyft	Boston University	Back Bay	13.5	1.0	lyft_premier	Lux	2018	11.0	27.0	9.0
5.4	Lyft	Boston University	Financial District	13.5	1.0	lyft	Lyft	2018	12.0	13.0	5.0
1.78	Lyft	West End	South Station	27.5	1.0	lyft_luxsuv	Lux Black XL	2018	12.0	1.0	13.0
1.91	Lyft	Beacon Hill	North End	13.5	1.0	lyft_plus	Lyft XL	2018	12.0	2.0	19.0
2.78	Lyft	West End	Fenway	16.5	1.0	lyft_plus	Lyft XL	2018	12.0	1.0	4.0
1.27	Lyft	Haymarket Square	Beacon Hill	11.0	1.0	lyft_plus	Lyft XL	2018	11.0	26.0	11.0
3.53	Lyft	North Station	Boston University	16.5	1.0	lyft_plus	Lyft XL	2018	11.0	29.0	2.0
1.23	Lyft	Theatre District	Haymarket Square	13.5	1.0	lyft_premier	Lux	2018	12.0	4.0	5.0
2.03	Lyft	North End	Beacon Hill	22.5	1.0	lyft_lux	Lux Black	2018	12.0	17.0	1.0
0.99	Lyft	Haymarket Square	Financial District	32.5	1.25	lyft_luxsuv	Lux Black XL	2018	11.0	27.0	0.0
1.13	Lyft	North Station	North End	16.5	1.0	lyft_lux	Lux Black	2018	12.0	13.0	22.0
3.31	Lyft	Northeastern University	North Station	7.0	1.0	lyft_line	Shared	2018	12.0	3.0	15.0
0.81	Lyft	Haymarket Square	West End	5.0	1.0	lyft_line	Shared	2018	12.0	14.0	1.0
1.38	Lyft	Haymarket Square	Beacon Hill	11.0	1.0	lyft_plus	Lyft XL	2018	12.0	13.0	14.0
0.92	Lyft	Haymarket Square	Financial District	13.5	1.0	lyft_premier	Lux	2018	12.0	3.0	9.0
1.45	Lyft	Boston University	Back Bay	5.0	1.0	lyft_line	Shared	2018	12.0	16.0	8.0
1.32	Lyft	Haymarket Square	Beacon Hill	16.5	1.0	lyft_lux	Lux Black	2018	12.0	1.0	7.0
1.01	Lyft	Financial District	Haymarket Square	10.5	1.0	lyft_plus	Lyft XL	2018	11.0	29.0	8.0
2.31	Lyft	Haymarket Square	Back Bay	27.5	1.25	lyft_lux	Lux Black	2018	12.0	17.0	9.0
1.04	Lyft	North Station	North End	16.5	1.0	lyft_lux	Lux Black	2018	12.0	1.0	21.0
1.07	Lyft	Financial District	Haymarket Square	27.5	1.0	lyft_luxsuv	Lux Black XL	2018	11.0	29.0	2.0
2.93	Lyft	Theatre District	Boston University	10.5	1.0	lyft	Lyft	2018	12.0	1.0	2.0
2.63	Lyft	North End	Back Bay	38.5	1.0	lyft_luxsuv	Lux Black XL	2018	12.0	16.0	3.0
2.09	Lyft	South Station	West End	30.0	1.0	lyft_luxsuv	Lux Black XL	2018	12.0	1.0	21.0
1.47	Lyft	Boston University	Back Bay	19.5	1.0	lyft_lux	Lux Black	2018	11.0	28.0	15.0
0.84	Lyft	Financial District	Haymarket Square	5.0	1.0	lyft_line	Shared	2018	12.0	16.0	6.0
1.07	Lyft	Financial District	North End	13.5	1.0	lyft_plus	Lyft XL	2018	12.0	17.0	4.0
0.53	Lyft	North Station	Haymarket Square	26.0	1.0	lyft_luxsuv	Lux Black XL	2018	11.0	27.0	0.0
2.32	Lyft	North Station	South Station	9.0	1.0	lyft	Lyft	2018	11.0	27.0	0.0
1.46	Lyft	Back Bay	Fenway	32.5	1.75	lyft_lux	Lux Black	2018	11.0	29.0	19.0
4.2	Lyft	Northeastern University	Financial District	32.5	1.0	lyft_lux	Lux Black	2018	11.0	26.0	16.0
2.54	Lyft	Back Bay	South Station	10.5	1.0	lyft	Lyft	2018	12.0	2.0	22.0
1.17	Lyft	West End	North End	7.0	1.0	lyft	Lyft	2018	11.0	29.0	0.0
1.08	Lyft	Northeastern University	Back Bay	13.5	1.0	lyft_premier	Lux	2018	12.0	1.0	13.0
3.44	Lyft	North Station	Fenway	27.5	1.0	lyft_lux	Lux Black	2018	11.0	29.0	2.0
1.72	Lyft	Beacon Hill	North End	10.5	1.0	lyft	Lyft	2018	12.0	14.0	6.0
2.42	Lyft	Beacon Hill	Fenway	9.0	1.0	lyft	Lyft	2018	12.0	14.0	12.0
2.62	Lyft	Beacon Hill	South Station	7.0	1.0	lyft_line	Shared	2018	12.0	3.0	1.0
4.32	Lyft	Financial District	Boston University	67.5	1.5	lyft_luxsuv	Lux Black XL	2018	12.0	13.0	22.0
4.22	Lyft	Financial District	Northeastern University	38.0	1.0	lyft_luxsuv	Lux Black XL	2018	11.0	28.0	13.0
1.08	Lyft	North End	West End	5.0	1.0	lyft_line	Shared	2018	12.0	1.0	10.0
4.09	Lyft	Financial District	Northeastern University	13.5	1.0	lyft	Lyft	2018	11.0	28.0	18.0
3.02	Lyft	Theatre District	Boston University	32.5	1.0	lyft_luxsuv	Lux Black XL	2018	12.0	15.0	7.0
3.16	Lyft	Fenway	Theatre District	19.5	1.0	lyft_plus	Lyft XL	2018	12.0	18.0	19.0
1.11	Lyft	Northeastern University	Back Bay	5.0	1.0	lyft_line	Shared	2018	12.0	2.0	19.0
0.98	Lyft	North Station	North End	3.0	1.0	lyft_line	Shared	2018	12.0	3.0	15.0
0.6	Lyft	South Station	Theatre District	27.5	1.0	lyft_luxsuv	Lux Black XL	2018	12.0	15.0	10.0
1.52	Lyft	Back Bay	Boston University	27.5	1.0	lyft_luxsuv	Lux Black XL	2018	12.0	16.0	3.0
3.15	Lyft	Fenway	North Station	26.0	1.0	lyft_lux	Lux Black	2018	12.0	3.0	12.0
2.38	Lyft	Beacon Hill	North End	16.5	1.0	lyft_premier	Lux	2018	11.0	28.0	21.0
2.43	Lyft	Back Bay	Haymarket Square	7.0	1.0	lyft_line	Shared	2018	12.0	18.0	16.0
2.9	Lyft	Boston University	West End	7.0	1.0	lyft_line	Shared	2018	12.0	14.0	1.0
2.11	Lyft	South Station	North Station	9.0	1.0	lyft	Lyft	2018	12.0	2.0	19.0
1.37	Lyft	Haymarket Square	Beacon Hill	11.0	1.0	lyft_plus	Lyft XL	2018	12.0	1.0	4.0
2.91	Lyft	Back Bay	North End	11.0	1.0	lyft	Lyft	2018	11.0	28.0	18.0
2.07	Lyft	South Station	North Station	13.5	1.0	lyft_plus	Lyft XL	2018	12.0	14.0	17.0
2.85	Lyft	West End	Fenway	34.0	1.0	lyft_luxsuv	Lux Black XL	2018	12.0	15.0	21.0
2.44	Lyft	Beacon Hill	Northeastern University	9.0	1.0	lyft	Lyft	2018	12.0	3.0	1.0
2.42	Lyft	South Station	Beacon Hill	5.0	1.0	lyft_line	Shared	2018	12.0	15.0	7.0
1.74	Lyft	North Station	South Station	16.5	1.0	lyft_premier	Lux	2018	12.0	17.0	4.0
3.2	Lyft	Boston University	Theatre District	10.5	1.0	lyft	Lyft	2018	11.0	28.0	1.0
1.02	Lyft	Haymarket Square	Financial District	2.5	1.0	lyft_line	Shared	2018	12.0	14.0	17.0
3.0	Lyft	North End	Back Bay	65.0	2.0	lyft_luxsuv	Lux Black XL	2018	12.0	2.0	17.0
2.98	Lyft	Fenway	West End	10.5	1.0	lyft	Lyft	2018	11.0	30.0	3.0
0.46	Lyft	South Station	Financial District	11.0	1.5	lyft	Lyft	2018	11.0	29.0	11.0
2.88	Lyft	Boston University	West End	26.0	1.0	lyft_lux	Lux Black	2018	12.0	15.0	13.0
2.17	Lyft	Northeastern University	Theatre District	27.5	1.25	lyft_lux	Lux Black	2018	11.0	30.0	15.0
1.21	Lyft	Theatre District	South Station	10.5	1.0	lyft_plus	Lyft XL	2018	11.0	26.0	19.0
3.13	Lyft	Fenway	Theatre District	19.5	1.0	lyft_premier	Lux	2018	11.0	26.0	5.0
1.06	Lyft	Theatre District	South Station	5.0	1.0	lyft_line	Shared	2018	11.0	28.0	21.0
3.14	Lyft	Boston University	North Station	34.0	1.0	lyft_luxsuv	Lux Black XL	2018	12.0	13.0	22.0
1.1	Lyft	North End	North Station	16.5	1.0	lyft_lux	Lux Black	2018	11.0	30.0	15.0
2.3	Lyft	Haymarket Square	Back Bay	10.5	1.0	lyft	Lyft	2018	11.0	30.0	15.0
1.48	Lyft	Back Bay	Fenway	7.0	1.0	lyft	Lyft	2018	12.0	16.0	0.0
1.92	Lyft	West End	South Station	13.5	1.0	lyft_plus	Lyft XL	2018	12.0	17.0	12.0
4.59	Lyft	Fenway	Financial District	22.5	1.0	lyft_premier	Lux	2018	12.0	16.0	11.0
2.49	Lyft	Fenway	Beacon Hill	7.0	1.0	lyft_line	Shared	2018	12.0	1.0	16.0
1.32	Lyft	Haymarket Square	Beacon Hill	13.5	1.0	lyft_premier	Lux	2018	11.0	26.0	16.0
1.72	Lyft	North End	Theatre District	13.5	1.0	lyft_plus	Lyft XL	2018	11.0	27.0	17.0
2.5	Lyft	Northeastern University	Beacon Hill	22.5	1.0	lyft_lux	Lux Black	2018	12.0	14.0	17.0
2.25	Lyft	Boston University	Beacon Hill	13.5	1.5	lyft	Lyft	2018	12.0	18.0	13.0
1.72	Lyft	Haymarket Square	Theatre District	9.0	1.0	lyft	Lyft	2018	12.0	13.0	14.0
2.74	Lyft	Northeastern University	Financial District	19.5	1.0	lyft_premier	Lux	2018	12.0	2.0	3.0
0.55	Lyft	North Station	Haymarket Square	16.5	1.0	lyft_lux	Lux Black	2018	11.0	27.0	23.0
3.42	Lyft	Financial District	Fenway	27.5	1.0	lyft_premier	Lux	2018	12.0	16.0	0.0
2.94	Lyft	Boston University	West End	19.5	1.0	lyft_premier	Lux	2018	12.0	16.0	22.0
2.46	Lyft	South Station	Beacon Hill	16.5	1.0	lyft_premier	Lux	2018	11.0	28.0	18.0
4.15	Lyft	Financial District	Fenway	9.0	1.0	lyft_line	Shared	2018	11.0	29.0	2.0
4.54	Lyft	Financial District	Boston University	5.0	1.0	lyft_line	Shared	2018	12.0	14.0	17.0
1.54	Lyft	Back Bay	Fenway	5.0	1.0	lyft_line	Shared	2018	11.0	29.0	14.0
1.45	Lyft	Back Bay	Fenway	16.5	1.0	lyft_lux	Lux Black	2018	12.0	18.0	10.0
1.01	Lyft	Financial District	Haymarket Square	16.5	1.0	lyft_lux	Lux Black	2018	12.0	1.0	10.0
0.7	Lyft	Haymarket Square	West End	5.0	1.0	lyft_line	Shared	2018	11.0	27.0	6.0
3.25	Lyft	Northeastern University	North Station	38.5	1.0	lyft_luxsuv	Lux Black XL	2018	12.0	14.0	6.0
0.58	Lyft	South Station	Theatre District	16.5	1.0	lyft_lux	Lux Black	2018	11.0	27.0	9.0
2.88	Lyft	Boston University	West End	19.5	1.0	lyft_premier	Lux	2018	12.0	15.0	21.0
1.9	Lyft	North Station	South Station	3.0	1.0	lyft_line	Shared	2018	12.0	16.0	6.0
2.58	Lyft	Theatre District	Northeastern University	16.5	1.0	lyft_plus	Lyft XL	2018	11.0	27.0	12.0
2.29	Lyft	Boston University	Beacon Hill	16.5	1.0	lyft_premier	Lux	2018	11.0	29.0	0.0
2.43	Lyft	Beacon Hill	Fenway	7.0	1.0	lyft_line	Shared	2018	11.0	29.0	19.0
2.43	Lyft	Back Bay	Haymarket Square	16.5	1.0	lyft_premier	Lux	2018	11.0	29.0	5.0
2.71	Lyft	Theatre District	Fenway	10.5	1.0	lyft	Lyft	2018	11.0	28.0	10.0
1.71	Lyft	Haymarket Square	Theatre District	13.5	1.0	lyft_plus	Lyft XL	2018	12.0	13.0	11.0
4.39	Lyft	Financial District	Fenway	34.0	1.0	lyft_lux	Lux Black	2018	12.0	13.0	14.0
2.08	Lyft	Back Bay	South Station	26.0	1.0	lyft_lux	Lux Black	2018	12.0	2.0	5.0
0.77	Lyft	Haymarket Square	West End	3.5	1.0	lyft_line	Shared	2018	12.0	1.0	21.0
1.06	Lyft	North End	North Station	5.0	1.0	lyft_line	Shared	2018	12.0	3.0	23.0
3.16	Lyft	Fenway	North Station	11.0	1.0	lyft	Lyft	2018	11.0	27.0	23.0
2.48	Lyft	Fenway	Beacon Hill	9.0	1.0	lyft	Lyft	2018	12.0	3.0	9.0
0.65	Lyft	West End	Haymarket Square	10.5	1.0	lyft_premier	Lux	2018	11.0	27.0	3.0
1.33	Lyft	South Station	Back Bay	7.0	1.0	lyft	Lyft	2018	12.0	1.0	16.0
2.83	Lyft	Boston University	West End	27.5	1.0	lyft_lux	Lux Black	2018	12.0	1.0	10.0
1.03	Lyft	North End	Financial District	10.5	1.0	lyft_premier	Lux	2018	12.0	14.0	20.0
1.85	Lyft	Theatre District	Haymarket Square	27.5	1.0	lyft_luxsuv	Lux Black XL	2018	12.0	13.0	3.0
0.54	Lyft	North Station	Haymarket Square	3.5	1.0	lyft_line	Shared	2018	12.0	17.0	20.0
2.4	Lyft	Beacon Hill	South Station	30.0	1.0	lyft_luxsuv	Lux Black XL	2018	12.0	2.0	5.0
1.49	Lyft	Back Bay	Fenway	7.0	1.0	lyft	Lyft	2018	12.0	15.0	16.0
1.27	Lyft	North End	Financial District	11.0	1.0	lyft_plus	Lyft XL	2018	11.0	29.0	2.0
1.73	Lyft	South Station	West End	22.5	1.0	lyft_lux	Lux Black	2018	11.0	28.0	21.0
0.76	Lyft	Haymarket Square	North Station	11.0	1.0	lyft_premier	Lux	2018	12.0	14.0	1.0
2.92	Lyft	Theatre District	Boston University	27.5	1.25	lyft_premier	Lux	2018	12.0	3.0	4.0
1.07	Lyft	Theatre District	South Station	26.0	1.0	lyft_luxsuv	Lux Black XL	2018	12.0	18.0	5.0
3.53	Lyft	North Station	Boston University	19.5	1.0	lyft_plus	Lyft XL	2018	11.0	27.0	12.0
2.44	Lyft	Northeastern University	Beacon Hill	32.5	1.0	lyft_luxsuv	Lux Black XL	2018	12.0	18.0	10.0
2.73	Lyft	Theatre District	Fenway	32.5	1.0	lyft_luxsuv	Lux Black XL	2018	11.0	30.0	9.0
3.16	Lyft	Boston University	North Station	34.0	1.0	lyft_luxsuv	Lux Black XL	2018	11.0	27.0	20.0
2.99	Lyft	Fenway	West End	3.5	1.0	lyft_line	Shared	2018	12.0	17.0	15.0
1.49	Lyft	Theatre District	North End	7.0	1.0	lyft_line	Shared	2018	12.0	13.0	11.0
0.64	Lyft	Financial District	South Station	7.0	1.0	lyft	Lyft	2018	12.0	18.0	10.0
1.71	Lyft	Haymarket Square	Theatre District	9.0	1.0	lyft	Lyft	2018	12.0	17.0	18.0
3.01	Lyft	Northeastern University	West End	22.5	1.0	lyft_premier	Lux	2018	11.0	26.0	19.0
4.52	Lyft	Fenway	Financial District	22.5	1.0	lyft_plus	Lyft XL	2018	11.0	26.0	11.0
2.65	Lyft	Beacon Hill	Boston University	16.5	1.0	lyft_premier	Lux	2018	12.0	1.0	10.0
2.63	Lyft	Beacon Hill	Boston University	16.5	1.0	lyft_premier	Lux	2018	12.0	18.0	8.0
2.39	Lyft	South Station	Beacon Hill	7.0	1.0	lyft_line	Shared	2018	11.0	30.0	12.0
4.6	Lyft	Financial District	Boston University	38.5	1.0	lyft_luxsuv	Lux Black XL	2018	12.0	13.0	8.0
1.87	Lyft	Beacon Hill	North End	16.5	1.0	lyft_premier	Lux	2018	11.0	27.0	14.0
4.28	Lyft	Financial District	Northeastern University	22.5	1.0	lyft_plus	Lyft XL	2018	12.0	14.0	20.0
1.0	Lyft	Financial District	Haymarket Square	3.0	1.0	lyft_line	Shared	2018	12.0	3.0	4.0
0.65	Lyft	South Station	Theatre District	10.5	1.0	lyft_plus	Lyft XL	2018	12.0	1.0	7.0
1.05	Lyft	Beacon Hill	Haymarket Square	5.0	1.0	lyft_line	Shared	2018	12.0	17.0	20.0
4.15	Lyft	Financial District	Fenway	10.5	1.0	lyft_line	Shared	2018	11.0	27.0	17.0
4.32	Lyft	Financial District	Fenway	27.5	1.0	lyft_premier	Lux	2018	11.0	28.0	10.0
1.83	Lyft	West End	South Station	13.5	1.0	lyft_plus	Lyft XL	2018	11.0	29.0	8.0
1.06	Lyft	Northeastern University	Back Bay	7.0	1.0	lyft	Lyft	2018	11.0	27.0	17.0
2.4	Lyft	Beacon Hill	Northeastern University	22.5	1.25	lyft_plus	Lyft XL	2018	12.0	1.0	2.0
4.54	Lyft	Fenway	Financial District	11.0	1.0	lyft_line	Shared	2018	12.0	17.0	7.0
0.91	Lyft	Financial District	Haymarket Square	3.0	1.0	lyft_line	Shared	2018	12.0	4.0	5.0
4.61	Lyft	Financial District	Boston University	27.5	1.0	lyft_premier	Lux	2018	12.0	2.0	19.0
3.14	Lyft	Boston University	North Station	11.0	1.0	lyft	Lyft	2018	11.0	29.0	14.0
1.44	Lyft	Boston University	Back Bay	13.5	1.0	lyft_premier	Lux	2018	11.0	28.0	21.0
1.72	Lyft	North Station	South Station	16.5	1.0	lyft_premier	Lux	2018	12.0	1.0	4.0
2.09	Lyft	South Station	North Station	16.5	1.0	lyft_premier	Lux	2018	12.0	16.0	17.0
1.38	Lyft	South Station	Back Bay	26.0	1.0	lyft_luxsuv	Lux Black XL	2018	12.0	3.0	20.0
1.23	Lyft	Back Bay	Northeastern University	10.5	1.0	lyft_plus	Lyft XL	2018	11.0	27.0	0.0
2.15	Lyft	Northeastern University	Theatre District	26.0	1.0	lyft_lux	Lux Black	2018	12.0	16.0	8.0
2.4	Lyft	South Station	Beacon Hill	16.5	1.0	lyft_premier	Lux	2018	12.0	15.0	2.0
2.88	Lyft	Back Bay	North End	19.5	1.0	lyft_premier	Lux	2018	12.0	14.0	23.0
1.74	Lyft	Haymarket Square	Theatre District	34.0	1.75	lyft_lux	Lux Black	2018	12.0	13.0	19.0
1.18	Lyft	Theatre District	Haymarket Square	13.5	1.0	lyft_plus	Lyft XL	2018	11.0	30.0	9.0
2.07	Lyft	South Station	North Station	19.5	1.5	lyft_plus	Lyft XL	2018	11.0	28.0	21.0
3.27	Lyft	North Station	Fenway	7.0	1.0	lyft_line	Shared	2018	12.0	14.0	15.0
0.59	Lyft	South Station	Theatre District	7.0	1.0	lyft	Lyft	2018	11.0	28.0	18.0
2.88	Lyft	Boston University	West End	16.5	1.0	lyft_plus	Lyft XL	2018	12.0	2.0	5.0
1.46	Lyft	Boston University	Back Bay	27.5	1.0	lyft_luxsuv	Lux Black XL	2018	12.0	17.0	4.0
1.08	Lyft	Haymarket Square	Financial District	5.0	1.0	lyft_line	Shared	2018	12.0	14.0	23.0
0.95	Lyft	Beacon Hill	Haymarket Square	7.0	1.0	lyft	Lyft	2018	12.0	2.0	0.0
1.4	Lyft	Beacon Hill	Haymarket Square	11.0	1.0	lyft_plus	Lyft XL	2018	11.0	28.0	18.0
1.53	Lyft	Boston University	Back Bay	5.0	1.0	lyft_line	Shared	2018	12.0	14.0	15.0
2.93	Lyft	Theatre District	Boston University	16.5	1.0	lyft_plus	Lyft XL	2018	11.0	29.0	0.0
0.98	Lyft	North Station	North End	10.5	1.0	lyft_plus	Lyft XL	2018	12.0	3.0	15.0
1.5	Lyft	Back Bay	Boston University	13.5	1.0	lyft_plus	Lyft XL	2018	11.0	29.0	8.0
1.39	Lyft	Fenway	Back Bay	13.5	1.0	lyft_premier	Lux	2018	11.0	27.0	14.0
1.71	Lyft	North End	Theatre District	16.5	1.0	lyft_premier	Lux	2018	11.0	26.0	5.0
3.12	Lyft	Fenway	North Station	7.0	1.0	lyft_line	Shared	2018	12.0	1.0	21.0
3.15	Lyft	Fenway	North Station	19.5	1.0	lyft_premier	Lux	2018	11.0	27.0	6.0
2.26	Lyft	Boston University	Beacon Hill	10.5	1.0	lyft	Lyft	2018	11.0	27.0	20.0
1.38	Lyft	Back Bay	Northeastern University	16.5	1.0	lyft_lux	Lux Black	2018	12.0	2.0	5.0
2.12	Lyft	South Station	North Station	16.5	1.0	lyft_premier	Lux	2018	11.0	27.0	14.0
2.5	Lyft	Beacon Hill	Northeastern University	16.5	1.0	lyft_premier	Lux	2018	12.0	14.0	4.0
1.66	Lyft	West End	South Station	16.5	1.0	lyft_premier	Lux	2018	12.0	1.0	10.0
1.25	Lyft	Theatre District	Haymarket Square	26.0	1.0	lyft_luxsuv	Lux Black XL	2018	12.0	17.0	12.0
1.22	Lyft	West End	North End	26.0	1.0	lyft_luxsuv	Lux Black XL	2018	11.0	30.0	6.0
2.79	Lyft	West End	Northeastern University	5.0	1.0	lyft_line	Shared	2018	12.0	1.0	16.0
2.35	Lyft	Boston University	Beacon Hill	27.5	1.25	lyft_lux	Lux Black	2018	11.0	27.0	12.0
2.52	Lyft	Northeastern University	Beacon Hill	22.5	1.0	lyft_lux	Lux Black	2018	12.0	2.0	22.0
2.6	Lyft	Beacon Hill	South Station	22.5	1.0	lyft_lux	Lux Black	2018	12.0	16.0	8.0
2.66	Lyft	Beacon Hill	Boston University	16.5	1.0	lyft_plus	Lyft XL	2018	12.0	16.0	19.0
1.38	Lyft	Fenway	Back Bay	16.5	1.0	lyft_premier	Lux	2018	12.0	17.0	1.0
3.31	Lyft	North Station	Northeastern University	22.5	1.25	lyft_plus	Lyft XL	2018	12.0	2.0	17.0
2.7	Lyft	Beacon Hill	Boston University	16.5	1.0	lyft_premier	Lux	2018	12.0	1.0	16.0
1.99	Lyft	West End	South Station	16.5	1.0	lyft_plus	Lyft XL	2018	12.0	3.0	23.0
2.43	Lyft	North Station	South Station	11.0	1.25	lyft	Lyft	2018	11.0	29.0	5.0
1.01	Lyft	Financial District	Haymarket Square	7.0	1.0	lyft	Lyft	2018	11.0	27.0	0.0
3.12	Lyft	Northeastern University	West End	22.5	1.0	lyft_premier	Lux	2018	12.0	3.0	20.0
1.35	Lyft	South Station	Back Bay	16.5	1.0	lyft_lux	Lux Black	2018	12.0	2.0	17.0
2.05	Lyft	Theatre District	Northeastern University	3.0	1.0	lyft_line	Shared	2018	11.0	28.0	21.0
1.42	Lyft	Back Bay	Northeastern University	16.5	1.0	lyft_lux	Lux Black	2018	12.0	15.0	21.0
1.53	Lyft	Theatre District	North End	16.5	1.0	lyft_premier	Lux	2018	11.0	27.0	9.0
1.73	Lyft	North End	Theatre District	3.0	1.0	lyft_line	Shared	2018	11.0	27.0	14.0
2.44	Lyft	Beacon Hill	Fenway	32.5	1.0	lyft_luxsuv	Lux Black XL	2018	12.0	4.0	7.0
1.37	Lyft	Haymarket Square	Beacon Hill	7.0	1.0	lyft	Lyft	2018	11.0	30.0	3.0
3.48	Lyft	North Station	Boston University	19.5	1.0	lyft_plus	Lyft XL	2018	11.0	29.0	0.0
1.14	Lyft	Financial District	North End	16.5	1.0	lyft_lux	Lux Black	2018	12.0	14.0	20.0
1.11	Lyft	North Station	North End	13.5	1.0	lyft_premier	Lux	2018	11.0	27.0	23.0
2.87	Lyft	West End	Fenway	16.5	1.0	lyft_plus	Lyft XL	2018	12.0	1.0	4.0
2.52	Lyft	Back Bay	North End	10.5	1.0	lyft	Lyft	2018	11.0	27.0	20.0
3.47	Lyft	Back Bay	North End	22.5	1.0	lyft_premier	Lux	2018	11.0	28.0	15.0
2.47	Lyft	Beacon Hill	Fenway	13.5	1.0	lyft_plus	Lyft XL	2018	11.0	27.0	3.0
3.06	Lyft	West End	Boston University	26.0	1.0	lyft_lux	Lux Black	2018	12.0	3.0	20.0
1.54	Lyft	Fenway	Back Bay	34.0	1.25	lyft_luxsuv	Lux Black XL	2018	11.0	27.0	17.0
3.06	Lyft	Northeastern University	West End	3.0	1.0	lyft_line	Shared	2018	12.0	2.0	17.0
0.77	Lyft	Haymarket Square	West End	9.0	1.0	lyft_plus	Lyft XL	2018	12.0	14.0	9.0
2.94	Lyft	Fenway	West End	16.5	1.0	lyft_plus	Lyft XL	2018	12.0	18.0	5.0
3.19	Lyft	Fenway	North Station	11.0	1.0	lyft	Lyft	2018	11.0	29.0	19.0
2.9	Lyft	Fenway	West End	10.5	1.0	lyft	Lyft	2018	11.0	28.0	18.0
2.92	Lyft	Theatre District	Boston University	11.0	1.0	lyft	Lyft	2018	11.0	29.0	0.0
0.57	Lyft	North Station	Haymarket Square	16.5	1.0	lyft_lux	Lux Black	2018	11.0	26.0	22.0
2.98	Lyft	Theatre District	Boston University	16.5	1.0	lyft_plus	Lyft XL	2018	12.0	4.0	5.0
0.57	Lyft	West End	Haymarket Square	9.0	1.0	lyft_plus	Lyft XL	2018	12.0	18.0	10.0
1.25	Lyft	Theatre District	Haymarket Square	3.0	1.0	lyft_line	Shared	2018	11.0	28.0	15.0
1.95	Lyft	Back Bay	Boston University	27.5	1.0	lyft_luxsuv	Lux Black XL	2018	12.0	2.0	17.0
2.53	Lyft	Northeastern University	Beacon Hill	9.0	1.0	lyft	Lyft	2018	11.0	28.0	18.0
1.57	Lyft	Back Bay	Northeastern University	10.5	1.5	lyft	Lyft	2018	12.0	3.0	9.0
2.21	Lyft	Haymarket Square	Back Bay	7.0	1.0	lyft_line	Shared	2018	12.0	17.0	12.0
2.4	Lyft	Beacon Hill	Fenway	9.0	1.0	lyft	Lyft	2018	11.0	26.0	16.0
2.01	Lyft	Theatre District	Northeastern University	16.5	1.0	lyft_plus	Lyft XL	2018	12.0	17.0	23.0
1.08	Lyft	North End	West End	16.5	1.0	lyft_lux	Lux Black	2018	12.0	17.0	18.0
0.99	Lyft	Financial District	Haymarket Square	13.5	1.0	lyft_premier	Lux	2018	11.0	29.0	0.0
1.54	Lyft	Theatre District	North End	27.5	1.0	lyft_luxsuv	Lux Black XL	2018	11.0	27.0	3.0
2.38	Lyft	Fenway	Beacon Hill	30.0	1.0	lyft_luxsuv	Lux Black XL	2018	11.0	28.0	18.0
1.37	Lyft	Haymarket Square	Beacon Hill	26.0	1.0	lyft_luxsuv	Lux Black XL	2018	11.0	27.0	3.0
4.29	Lyft	Financial District	Fenway	26.0	1.25	lyft_plus	Lyft XL	2018	12.0	16.0	22.0
2.83	Lyft	West End	Fenway	27.5	1.0	lyft_lux	Lux Black	2018	12.0	18.0	5.0
1.18	Lyft	Haymarket Square	Financial District	26.0	1.0	lyft_luxsuv	Lux Black XL	2018	11.0	30.0	23.0
2.94	Lyft	Fenway	West End	3.0	1.0	lyft_line	Shared	2018	12.0	17.0	1.0
1.36	Lyft	Haymarket Square	Beacon Hill	7.0	1.0	lyft	Lyft	2018	12.0	15.0	16.0
1.75	Lyft	West End	South Station	7.0	1.0	lyft	Lyft	2018	12.0	16.0	17.0
3.15	Lyft	Boston University	North Station	9.0	1.0	lyft_line	Shared	2018	11.0	27.0	6.0
0.71	Lyft	Haymarket Square	West End	7.0	1.0	lyft	Lyft	2018	11.0	30.0	17.0
1.54	Lyft	Theatre District	North End	27.5	1.0	lyft_luxsuv	Lux Black XL	2018	12.0	18.0	13.0
3.02	Lyft	Haymarket Square	Back Bay	5.0	1.0	lyft_line	Shared	2018	12.0	17.0	7.0
0.98	Lyft	Financial District	Haymarket Square	3.5	1.0	lyft_line	Shared	2018	12.0	2.0	22.0
4.37	Lyft	Financial District	Fenway	10.5	1.0	lyft_line	Shared	2018	12.0	14.0	20.0
1.4	Lyft	South Station	Beacon Hill	9.0	1.0	lyft	Lyft	2018	11.0	29.0	0.0
3.18	Lyft	Boston University	North Station	19.5	1.0	lyft_premier	Lux	2018	11.0	27.0	20.0
1.46	Lyft	Boston University	Back Bay	13.5	1.0	lyft_premier	Lux	2018	11.0	27.0	9.0
1.42	Lyft	Fenway	Back Bay	10.5	1.0	lyft_plus	Lyft XL	2018	12.0	18.0	13.0
3.15	Lyft	Boston University	North Station	19.5	1.0	lyft_premier	Lux	2018	11.0	27.0	14.0
2.06	Lyft	North End	Beacon Hill	9.0	1.0	lyft	Lyft	2018	12.0	15.0	5.0
0.8	Lyft	Financial District	Haymarket Square	10.5	1.0	lyft_plus	Lyft XL	2018	11.0	27.0	17.0
1.19	Lyft	West End	North End	7.0	1.0	lyft	Lyft	2018	12.0	16.0	3.0
1.1	Lyft	Financial District	North End	16.5	1.0	lyft_lux	Lux Black	2018	11.0	28.0	15.0
0.77	Lyft	Haymarket Square	West End	9.0	1.0	lyft_plus	Lyft XL	2018	12.0	17.0	7.0
1.44	Lyft	Back Bay	Northeastern University	5.0	1.0	lyft_line	Shared	2018	12.0	13.0	5.0
2.88	Lyft	Boston University	West End	9.0	1.0	lyft_line	Shared	2018	12.0	2.0	5.0
3.32	Lyft	Northeastern University	North Station	19.5	1.0	lyft_plus	Lyft XL	2018	12.0	2.0	14.0
1.7	Lyft	West End	South Station	13.5	1.0	lyft_plus	Lyft XL	2018	11.0	29.0	2.0
1.13	Lyft	North End	North Station	5.0	1.0	lyft_line	Shared	2018	11.0	28.0	13.0
4.51	Lyft	Fenway	Financial District	22.5	1.0	lyft_plus	Lyft XL	2018	12.0	14.0	6.0
4.74	Lyft	Financial District	Boston University	34.0	1.0	lyft_lux	Lux Black	2018	12.0	1.0	2.0
0.95	Lyft	Beacon Hill	Haymarket Square	26.0	1.0	lyft_luxsuv	Lux Black XL	2018	12.0	3.0	4.0
1.09	Lyft	North End	West End	3.5	1.0	lyft_line	Shared	2018	11.0	27.0	3.0
2.32	Lyft	Boston University	Beacon Hill	22.5	1.0	lyft_lux	Lux Black	2018	12.0	1.0	16.0
3.17	Lyft	Fenway	North Station	27.5	1.0	lyft_lux	Lux Black	2018	11.0	29.0	0.0
1.13	Lyft	Theatre District	South Station	13.5	1.0	lyft_premier	Lux	2018	11.0	29.0	19.0
1.48	Lyft	South Station	Beacon Hill	7.0	1.0	lyft_line	Shared	2018	11.0	29.0	16.0
0.59	Lyft	Financial District	South Station	5.0	1.0	lyft_line	Shared	2018	12.0	17.0	4.0
3.07	Lyft	Northeastern University	West End	26.0	1.0	lyft_lux	Lux Black	2018	11.0	28.0	15.0
2.37	Lyft	Back Bay	Haymarket Square	9.0	1.0	lyft	Lyft	2018	12.0	18.0	5.0
3.22	Lyft	North Station	Fenway	9.0	1.0	lyft_line	Shared	2018	12.0	1.0	7.0
0.99	Lyft	North End	North Station	11.0	1.0	lyft_plus	Lyft XL	2018	12.0	16.0	3.0
1.67	Lyft	Fenway	Back Bay	5.0	1.0	lyft_line	Shared	2018	11.0	29.0	19.0
1.51	Lyft	South Station	Beacon Hill	9.0	1.0	lyft	Lyft	2018	12.0	17.0	12.0
1.65	Lyft	West End	South Station	13.5	1.0	lyft_plus	Lyft XL	2018	12.0	14.0	17.0
1.03	Lyft	North End	North Station	13.5	1.0	lyft_premier	Lux	2018	12.0	17.0	7.0
1.54	Lyft	Theatre District	North End	5.0	1.0	lyft_line	Shared	2018	12.0	3.0	12.0
1.12	Lyft	North Station	North End	11.0	1.0	lyft_plus	Lyft XL	2018	11.0	29.0	8.0
2.94	Lyft	Boston University	West End	32.5	1.0	lyft_luxsuv	Lux Black XL	2018	12.0	3.0	18.0
1.47	Lyft	Back Bay	Fenway	26.0	1.0	lyft_luxsuv	Lux Black XL	2018	11.0	27.0	17.0
5.45	Lyft	Boston University	Financial District	13.5	1.0	lyft	Lyft	2018	12.0	13.0	19.0
4.36	Lyft	Financial District	Fenway	32.5	1.0	lyft_lux	Lux Black	2018	12.0	17.0	20.0
1.22	Lyft	Theatre District	South Station	11.0	1.0	lyft_plus	Lyft XL	2018	11.0	30.0	23.0
1.06	Lyft	North End	West End	3.5	1.0	lyft_line	Shared	2018	12.0	3.0	23.0
2.15	Lyft	Northeastern University	Theatre District	22.5	1.0	lyft_lux	Lux Black	2018	11.0	29.0	2.0
3.05	Lyft	Fenway	West End	27.5	1.0	lyft_lux	Lux Black	2018	12.0	14.0	23.0
2.8	Lyft	West End	Fenway	19.5	1.0	lyft_plus	Lyft XL	2018	12.0	14.0	1.0
1.33	Lyft	Back Bay	Northeastern University	13.5	1.0	lyft_premier	Lux	2018	11.0	27.0	3.0
2.49	Lyft	North End	Back Bay	26.0	1.0	lyft_lux	Lux Black	2018	11.0	26.0	8.0
4.13	Lyft	Financial District	Fenway	22.5	1.0	lyft_plus	Lyft XL	2018	12.0	18.0	5.0
4.32	Lyft	Financial District	Fenway	13.5	1.0	lyft	Lyft	2018	12.0	14.0	17.0
3.42	Lyft	Northeastern University	Financial District	11.0	1.0	lyft	Lyft	2018	11.0	29.0	0.0
4.44	Lyft	Fenway	Financial District	30.0	1.0	lyft_premier	Lux	2018	11.0	29.0	0.0
2.25	Lyft	Haymarket Square	Back Bay	16.5	1.0	lyft_plus	Lyft XL	2018	12.0	3.0	6.0
3.09	Lyft	Northeastern University	West End	11.0	1.0	lyft	Lyft	2018	12.0	15.0	18.0
2.36	Lyft	Back Bay	South Station	9.0	1.0	lyft_line	Shared	2018	12.0	13.0	22.0
1.4	Lyft	Haymarket Square	Beacon Hill	11.0	1.0	lyft_plus	Lyft XL	2018	12.0	17.0	7.0
2.8	Lyft	Back Bay	North End	10.5	1.0	lyft	Lyft	2018	11.0	28.0	18.0
1.26	Lyft	Back Bay	Northeastern University	16.5	1.0	lyft_lux	Lux Black	2018	11.0	30.0	1.0
1.45	Lyft	North End	Beacon Hill	19.5	1.0	lyft_lux	Lux Black	2018	12.0	18.0	5.0
0.46	Lyft	South Station	Financial District	10.5	1.0	lyft_premier	Lux	2018	12.0	13.0	5.0
1.02	Lyft	Haymarket Square	Financial District	13.5	1.0	lyft_premier	Lux	2018	11.0	29.0	16.0
1.36	Lyft	Beacon Hill	Haymarket Square	26.0	1.0	lyft_luxsuv	Lux Black XL	2018	11.0	26.0	22.0
1.72	Lyft	North End	Theatre District	9.0	1.0	lyft	Lyft	2018	12.0	3.0	15.0
3.47	Lyft	North Station	Boston University	26.0	1.0	lyft_lux	Lux Black	2018	12.0	17.0	20.0
1.26	Lyft	North End	Financial District	3.0	1.0	lyft_line	Shared	2018	12.0	13.0	19.0
0.54	Lyft	North Station	Haymarket Square	10.5	1.0	lyft_premier	Lux	2018	11.0	26.0	22.0
1.03	Lyft	North End	North Station	16.5	1.0	lyft_lux	Lux Black	2018	12.0	13.0	16.0
3.2	Lyft	Fenway	North Station	19.5	1.0	lyft_premier	Lux	2018	12.0	4.0	5.0
4.08	Lyft	Financial District	Northeastern University	9.0	1.0	lyft_line	Shared	2018	11.0	28.0	10.0
1.02	Lyft	Haymarket Square	Financial District	3.0	1.0	lyft_line	Shared	2018	12.0	17.0	23.0
2.52	Lyft	Back Bay	North End	10.5	1.0	lyft	Lyft	2018	12.0	14.0	20.0
2.84	Lyft	West End	Northeastern University	16.5	1.0	lyft_plus	Lyft XL	2018	11.0	30.0	17.0
5.45	Lyft	Boston University	Financial District	26.0	1.0	lyft_premier	Lux	2018	12.0	1.0	10.0
2.86	Lyft	Boston University	West End	34.0	1.0	lyft_luxsuv	Lux Black XL	2018	12.0	3.0	20.0
2.51	Lyft	Back Bay	North End	22.5	1.0	lyft_premier	Lux	2018	11.0	29.0	2.0
1.04	Lyft	North End	West End	27.5	1.0	lyft_luxsuv	Lux Black XL	2018	12.0	3.0	9.0
1.41	Lyft	Back Bay	Northeastern University	30.0	1.75	lyft_lux	Lux Black	2018	11.0	30.0	23.0
2.39	Lyft	Beacon Hill	Fenway	7.0	1.0	lyft_line	Shared	2018	12.0	16.0	19.0
2.88	Lyft	Boston University	West End	19.5	1.0	lyft_premier	Lux	2018	12.0	13.0	22.0
1.97	Lyft	Theatre District	Northeastern University	16.5	1.0	lyft_premier	Lux	2018	12.0	13.0	22.0
3.53	Lyft	North Station	Boston University	16.5	1.0	lyft_plus	Lyft XL	2018	12.0	2.0	11.0
3.15	Lyft	Fenway	North Station	19.5	1.0	lyft_premier	Lux	2018	11.0	27.0	20.0
2.32	Lyft	Haymarket Square	Back Bay	9.0	1.0	lyft	Lyft	2018	11.0	27.0	6.0
2.93	Lyft	Boston University	West End	26.0	1.0	lyft_lux	Lux Black	2018	11.0	30.0	12.0
3.01	Lyft	Financial District	Northeastern University	9.0	1.0	lyft_line	Shared	2018	11.0	27.0	3.0
1.76	Lyft	North End	Theatre District	19.5	1.0	lyft_lux	Lux Black	2018	12.0	16.0	11.0
0.54	Lyft	North Station	Haymarket Square	9.0	1.0	lyft_plus	Lyft XL	2018	12.0	16.0	0.0
1.54	Lyft	Theatre District	North End	9.0	1.0	lyft	Lyft	2018	12.0	1.0	18.0
2.17	Lyft	Northeastern University	Theatre District	13.5	1.0	lyft_plus	Lyft XL	2018	12.0	16.0	17.0
1.73	Lyft	North End	Theatre District	16.5	1.0	lyft_premier	Lux	2018	12.0	10.0	0.0
1.24	Lyft	Theatre District	Haymarket Square	7.0	1.0	lyft	Lyft	2018	12.0	1.0	4.0
4.37	Lyft	Financial District	Fenway	13.5	1.0	lyft	Lyft	2018	12.0	15.0	7.0
1.54	Lyft	Theatre District	North End	9.0	1.0	lyft	Lyft	2018	12.0	13.0	19.0
1.66	Lyft	Haymarket Square	Theatre District	13.5	1.0	lyft_plus	Lyft XL	2018	12.0	1.0	18.0
1.07	Lyft	Northeastern University	Back Bay	11.0	1.0	lyft_plus	Lyft XL	2018	11.0	29.0	11.0
2.3	Lyft	Boston University	Beacon Hill	7.0	1.0	lyft_line	Shared	2018	11.0	27.0	14.0
3.2	Lyft	North Station	Fenway	30.0	1.0	lyft_lux	Lux Black	2018	12.0	14.0	20.0
1.06	Lyft	North End	North Station	26.0	1.0	lyft_luxsuv	Lux Black XL	2018	12.0	14.0	4.0
1.07	Lyft	North End	North Station	27.5	1.0	lyft_luxsuv	Lux Black XL	2018	11.0	27.0	6.0
1.51	Lyft	North End	Beacon Hill	19.5	1.0	lyft_lux	Lux Black	2018	12.0	15.0	18.0
1.44	Lyft	Back Bay	Northeastern University	13.5	1.0	lyft_premier	Lux	2018	12.0	1.0	21.0
1.74	Lyft	North End	North Station	16.5	1.0	lyft_premier	Lux	2018	12.0	18.0	13.0
3.2	Lyft	Fenway	North Station	26.0	1.0	lyft_lux	Lux Black	2018	12.0	2.0	3.0
3.54	Lyft	North Station	Boston University	22.5	1.0	lyft_premier	Lux	2018	12.0	3.0	9.0
0.72	Lyft	West End	Haymarket Square	16.5	1.0	lyft_lux	Lux Black	2018	12.0	13.0	19.0
2.4	Lyft	North End	Back Bay	16.5	1.0	lyft_premier	Lux	2018	11.0	27.0	23.0
2.44	Lyft	Fenway	Beacon Hill	9.0	1.25	lyft	Lyft	2018	12.0	13.0	11.0
1.19	Lyft	Theatre District	Haymarket Square	5.0	1.0	lyft_line	Shared	2018	11.0	27.0	3.0
1.72	Lyft	North End	Theatre District	10.5	1.0	lyft	Lyft	2018	12.0	17.0	12.0
2.12	Lyft	South Station	North Station	13.5	1.0	lyft_plus	Lyft XL	2018	12.0	17.0	15.0
2.11	Lyft	North End	Beacon Hill	22.5	1.0	lyft_lux	Lux Black	2018	12.0	3.0	18.0
2.3	Lyft	Boston University	Beacon Hill	16.5	1.0	lyft_premier	Lux	2018	11.0	30.0	15.0
1.49	Lyft	Back Bay	Boston University	11.0	1.0	lyft_plus	Lyft XL	2018	12.0	17.0	4.0
0.58	Lyft	Financial District	South Station	9.0	1.0	lyft_plus	Lyft XL	2018	12.0	18.0	16.0
2.5	Lyft	Northeastern University	Beacon Hill	3.0	1.0	lyft_line	Shared	2018	12.0	2.0	19.0
3.1	Lyft	Boston University	Theatre District	9.0	1.0	lyft	Lyft	2018	12.0	1.0	18.0
2.0	Lyft	Theatre District	Northeastern University	27.5	1.0	lyft_luxsuv	Lux Black XL	2018	12.0	2.0	14.0
0.71	Lyft	West End	Haymarket Square	9.0	1.0	lyft_plus	Lyft XL	2018	12.0	16.0	19.0
0.99	Lyft	Haymarket Square	Financial District	27.5	1.0	lyft_luxsuv	Lux Black XL	2018	11.0	30.0	9.0
0.98	Lyft	Haymarket Square	Financial District	27.5	1.0	lyft_luxsuv	Lux Black XL	2018	12.0	18.0	16.0
2.01	Lyft	Theatre District	Northeastern University	10.5	1.25	lyft	Lyft	2018	11.0	28.0	1.0
2.56	Lyft	North End	Back Bay	38.0	1.0	lyft_luxsuv	Lux Black XL	2018	11.0	26.0	5.0
0.94	Lyft	Haymarket Square	Financial District	13.5	1.0	lyft_premier	Lux	2018	11.0	28.0	10.0
3.07	Lyft	Fenway	Theatre District	22.5	1.0	lyft_premier	Lux	2018	12.0	3.0	23.0
1.03	Lyft	Haymarket Square	Financial District	10.5	1.0	lyft_plus	Lyft XL	2018	12.0	15.0	13.0
3.16	Lyft	Fenway	Theatre District	3.5	1.0	lyft_line	Shared	2018	11.0	28.0	10.0
2.14	Lyft	Northeastern University	Theatre District	16.5	1.0	lyft_plus	Lyft XL	2018	11.0	29.0	8.0
1.07	Lyft	North End	North Station	13.5	1.0	lyft_premier	Lux	2018	12.0	3.0	23.0
0.63	Lyft	Haymarket Square	North Station	26.0	1.0	lyft_luxsuv	Lux Black XL	2018	12.0	17.0	9.0
1.23	Lyft	Theatre District	Haymarket Square	13.5	1.0	lyft_premier	Lux	2018	11.0	27.0	6.0
0.66	Lyft	South Station	Theatre District	11.0	1.0	lyft_premier	Lux	2018	12.0	13.0	19.0
3.07	Lyft	North End	Back Bay	3.5	1.0	lyft_line	Shared	2018	12.0	16.0	17.0
1.49	Lyft	Back Bay	Fenway	16.5	1.0	lyft_lux	Lux Black	2018	11.0	27.0	17.0
1.44	Lyft	Back Bay	Fenway	7.0	1.0	lyft	Lyft	2018	12.0	15.0	21.0
3.25	Lyft	North Station	Fenway	7.0	1.0	lyft_line	Shared	2018	12.0	2.0	3.0
1.2	Lyft	Theatre District	Haymarket Square	3.5	1.0	lyft_line	Shared	2018	12.0	4.0	5.0
2.37	Lyft	Beacon Hill	Fenway	7.0	1.0	lyft_line	Shared	2018	12.0	18.0	13.0
1.34	Lyft	South Station	Back Bay	27.5	1.0	lyft_luxsuv	Lux Black XL	2018	11.0	29.0	2.0
2.83	Lyft	Boston University	West End	10.5	1.0	lyft	Lyft	2018	12.0	1.0	4.0
2.38	Lyft	West End	South Station	34.0	1.0	lyft_luxsuv	Lux Black XL	2018	12.0	3.0	6.0
1.38	Lyft	Haymarket Square	Beacon Hill	26.0	1.0	lyft_luxsuv	Lux Black XL	2018	12.0	1.0	16.0
0.74	Lyft	Haymarket Square	West End	7.0	1.0	lyft	Lyft	2018	12.0	4.0	5.0
0.65	Lyft	South Station	Theatre District	5.0	1.0	lyft_line	Shared	2018	11.0	27.0	20.0
1.35	Lyft	South Station	Back Bay	5.0	1.0	lyft_line	Shared	2018	12.0	2.0	0.0
3.2	Lyft	Fenway	Theatre District	22.5	1.0	lyft_premier	Lux	2018	11.0	26.0	16.0
1.13	Lyft	North Station	North End	16.5	1.0	lyft_lux	Lux Black	2018	12.0	3.0	20.0
1.5	Lyft	Boston University	Back Bay	9.0	1.0	lyft	Lyft	2018	12.0	16.0	22.0
1.45	Lyft	Back Bay	Northeastern University	3.0	1.0	lyft_line	Shared	2018	12.0	14.0	20.0
2.3	Lyft	Haymarket Square	Back Bay	32.5	1.0	lyft_luxsuv	Lux Black XL	2018	11.0	26.0	22.0
2.14	Lyft	Northeastern University	Theatre District	32.5	1.0	lyft_luxsuv	Lux Black XL	2018	12.0	13.0	8.0
2.43	Lyft	Beacon Hill	Northeastern University	16.5	1.25	lyft_plus	Lyft XL	2018	12.0	18.0	5.0
3.2	Lyft	Fenway	North Station	16.5	1.0	lyft_plus	Lyft XL	2018	11.0	26.0	16.0
0.48	Lyft	South Station	Financial District	27.5	1.0	lyft_luxsuv	Lux Black XL	2018	11.0	29.0	11.0
1.13	Lyft	Theatre District	South Station	13.5	1.0	lyft_premier	Lux	2018	11.0	27.0	6.0
2.53	Lyft	Back Bay	South Station	9.0	1.0	lyft_line	Shared	2018	11.0	30.0	20.0
1.72	Lyft	Haymarket Square	Theatre District	9.0	1.0	lyft	Lyft	2018	11.0	26.0	8.0
1.27	Lyft	West End	North End	5.0	1.0	lyft_line	Shared	2018	12.0	4.0	2.0
1.43	Lyft	Fenway	Back Bay	16.5	1.25	lyft_premier	Lux	2018	12.0	4.0	2.0
1.72	Lyft	North End	Beacon Hill	13.5	1.0	lyft_plus	Lyft XL	2018	12.0	15.0	7.0
2.04	Lyft	North Station	South Station	10.5	1.0	lyft	Lyft	2018	12.0	14.0	20.0
1.12	Lyft	Financial District	North End	11.0	1.0	lyft_plus	Lyft XL	2018	12.0	13.0	3.0
3.05	Lyft	West End	Boston University	9.0	1.0	lyft_line	Shared	2018	11.0	27.0	17.0
2.43	Lyft	Beacon Hill	Fenway	11.0	1.0	lyft	Lyft	2018	11.0	29.0	19.0
2.91	Lyft	Theatre District	Boston University	34.0	1.0	lyft_luxsuv	Lux Black XL	2018	11.0	30.0	20.0
0.56	Lyft	North Station	Haymarket Square	16.5	1.0	lyft_lux	Lux Black	2018	12.0	2.0	14.0
1.43	Lyft	Fenway	Back Bay	10.5	1.0	lyft_plus	Lyft XL	2018	11.0	27.0	14.0
0.49	Lyft	South Station	Financial District	3.5	1.0	lyft_line	Shared	2018	11.0	27.0	20.0
3.2	Lyft	North Station	Fenway	19.5	1.0	lyft_plus	Lyft XL	2018	12.0	2.0	14.0
2.47	Lyft	Northeastern University	Beacon Hill	19.5	1.0	lyft_premier	Lux	2018	12.0	3.0	18.0
2.32	Lyft	Fenway	Beacon Hill	19.5	1.5	lyft_plus	Lyft XL	2018	11.0	28.0	13.0
3.1	Lyft	Fenway	Theatre District	7.0	1.0	lyft_line	Shared	2018	12.0	16.0	19.0
1.05	Lyft	North End	West End	16.5	1.0	lyft_lux	Lux Black	2018	12.0	14.0	15.0
2.96	Lyft	Fenway	West End	7.0	1.0	lyft_line	Shared	2018	12.0	13.0	14.0
3.02	Lyft	Northeastern University	West End	10.5	1.0	lyft	Lyft	2018	12.0	16.0	6.0
2.5	Lyft	Back Bay	South Station	11.0	1.0	lyft	Lyft	2018	11.0	26.0	11.0
0.43	Lyft	South Station	Financial District	16.5	1.0	lyft_lux	Lux Black	2018	12.0	1.0	4.0
1.47	Lyft	South Station	Back Bay	16.5	1.0	lyft_plus	Lyft XL	2018	12.0	1.0	4.0
2.44	Lyft	Back Bay	South Station	13.5	1.25	lyft	Lyft	2018	11.0	30.0	15.0
4.54	Lyft	Boston University	Theatre District	42.5	1.0	lyft_luxsuv	Lux Black XL	2018	11.0	27.0	20.0
2.62	Lyft	Beacon Hill	South Station	16.5	1.0	lyft_plus	Lyft XL	2018	12.0	13.0	22.0
2.47	Lyft	Northeastern University	Beacon Hill	19.5	1.0	lyft_premier	Lux	2018	12.0	3.0	6.0
0.56	Lyft	Financial District	South Station	10.5	1.0	lyft_plus	Lyft XL	2018	11.0	27.0	3.0
1.49	Lyft	Boston University	Back Bay	5.0	1.0	lyft_line	Shared	2018	12.0	2.0	0.0
1.11	Lyft	Northeastern University	Back Bay	11.0	1.5	lyft	Lyft	2018	11.0	26.0	22.0
0.92	Lyft	Haymarket Square	Financial District	16.5	1.0	lyft_lux	Lux Black	2018	12.0	15.0	21.0
0.75	Lyft	Haymarket Square	North Station	7.0	1.0	lyft	Lyft	2018	12.0	13.0	14.0
1.43	Lyft	Back Bay	Fenway	13.5	1.0	lyft_premier	Lux	2018	11.0	30.0	12.0
2.86	Lyft	Boston University	West End	22.5	1.0	lyft_premier	Lux	2018	12.0	2.0	8.0
3.34	Lyft	Back Bay	South Station	10.5	1.0	lyft	Lyft	2018	12.0	10.0	2.0
3.28	Lyft	North Station	Northeastern University	16.5	1.0	lyft_plus	Lyft XL	2018	12.0	16.0	8.0
1.09	Lyft	North End	West End	7.0	1.0	lyft	Lyft	2018	11.0	27.0	17.0
0.59	Lyft	Financial District	South Station	9.0	1.0	lyft_plus	Lyft XL	2018	12.0	15.0	10.0
2.43	Lyft	Back Bay	Haymarket Square	7.0	1.0	lyft_line	Shared	2018	11.0	26.0	16.0
3.03	Lyft	West End	Boston University	10.5	1.0	lyft	Lyft	2018	12.0	14.0	23.0
1.64	Lyft	Haymarket Square	Theatre District	38.0	1.5	lyft_luxsuv	Lux Black XL	2018	11.0	29.0	0.0
1.79	Lyft	South Station	West End	13.5	1.0	lyft_plus	Lyft XL	2018	11.0	26.0	11.0
0.65	Lyft	South Station	Theatre District	9.0	1.25	lyft	Lyft	2018	11.0	30.0	3.0
1.96	Lyft	Back Bay	Haymarket Square	10.5	1.0	lyft	Lyft	2018	11.0	27.0	20.0
1.74	Lyft	Haymarket Square	Theatre District	3.0	1.0	lyft_line	Shared	2018	11.0	30.0	17.0
1.01	Lyft	Haymarket Square	Financial District	11.0	1.0	lyft_plus	Lyft XL	2018	12.0	18.0	16.0
1.37	Lyft	Haymarket Square	Beacon Hill	7.0	1.0	lyft_line	Shared	2018	12.0	3.0	1.0
1.34	Lyft	Beacon Hill	Haymarket Square	11.0	1.0	lyft_plus	Lyft XL	2018	11.0	29.0	5.0
2.14	Lyft	Northeastern University	Theatre District	10.5	1.0	lyft	Lyft	2018	12.0	15.0	2.0
3.14	Lyft	West End	Boston University	22.5	1.0	lyft_lux	Lux Black	2018	11.0	26.0	16.0
2.36	Lyft	Boston University	Beacon Hill	22.5	1.0	lyft_lux	Lux Black	2018	11.0	28.0	13.0
1.23	Lyft	West End	North End	13.5	1.0	lyft_plus	Lyft XL	2018	12.0	15.0	21.0
2.32	Lyft	Boston University	Beacon Hill	5.0	1.0	lyft_line	Shared	2018	12.0	15.0	7.0
2.41	Lyft	Beacon Hill	Northeastern University	7.0	1.0	lyft_line	Shared	2018	11.0	29.0	19.0
2.82	Lyft	Boston University	West End	26.0	1.0	lyft_lux	Lux Black	2018	12.0	16.0	19.0
2.05	Lyft	North End	Beacon Hill	7.0	1.0	lyft_line	Shared	2018	12.0	14.0	4.0
2.27	Lyft	Haymarket Square	Back Bay	11.0	1.0	lyft	Lyft	2018	12.0	17.0	20.0
3.49	Lyft	North Station	Boston University	34.0	1.0	lyft_luxsuv	Lux Black XL	2018	12.0	14.0	23.0
2.16	Lyft	Northeastern University	Theatre District	27.5	1.0	lyft_luxsuv	Lux Black XL	2018	11.0	30.0	12.0
2.41	Lyft	Beacon Hill	Northeastern University	9.0	1.0	lyft	Lyft	2018	12.0	3.0	15.0
1.22	Lyft	West End	North End	19.5	1.0	lyft_lux	Lux Black	2018	12.0	2.0	3.0
1.68	Lyft	West End	South Station	7.0	1.0	lyft_line	Shared	2018	12.0	14.0	9.0
2.43	Lyft	Beacon Hill	Northeastern University	26.0	1.75	lyft_plus	Lyft XL	2018	12.0	4.0	5.0
3.12	Lyft	Boston University	North Station	10.5	1.0	lyft	Lyft	2018	12.0	13.0	19.0
1.86	Lyft	West End	South Station	22.5	1.0	lyft_lux	Lux Black	2018	12.0	14.0	20.0
2.78	Lyft	West End	Northeastern University	34.0	2.0	lyft_premier	Lux	2018	12.0	1.0	16.0
1.15	Lyft	Financial District	North End	10.5	1.0	lyft_plus	Lyft XL	2018	12.0	18.0	8.0
4.72	Lyft	Financial District	Boston University	13.5	1.0	lyft	Lyft	2018	11.0	28.0	10.0
1.49	Lyft	Boston University	Back Bay	26.0	1.0	lyft_luxsuv	Lux Black XL	2018	12.0	3.0	9.0
2.17	Lyft	Northeastern University	Theatre District	13.5	1.0	lyft_plus	Lyft XL	2018	11.0	27.0	9.0
3.22	Lyft	North Station	Fenway	10.5	1.0	lyft	Lyft	2018	11.0	27.0	12.0
1.54	Lyft	Back Bay	Boston University	11.0	1.0	lyft_plus	Lyft XL	2018	12.0	3.0	9.0
2.72	Lyft	Theatre District	Fenway	10.5	1.0	lyft	Lyft	2018	12.0	13.0	19.0
0.87	Lyft	Haymarket Square	West End	26.0	1.0	lyft_luxsuv	Lux Black XL	2018	11.0	30.0	9.0
2.16	Lyft	Back Bay	South Station	34.0	1.0	lyft_luxsuv	Lux Black XL	2018	12.0	13.0	19.0
2.4	Lyft	Beacon Hill	Fenway	13.5	1.0	lyft_plus	Lyft XL	2018	11.0	27.0	17.0
0.64	Lyft	South Station	Theatre District	5.0	1.0	lyft_line	Shared	2018	12.0	14.0	1.0
0.88	Lyft	Haymarket Square	West End	7.0	1.0	lyft	Lyft	2018	12.0	3.0	12.0
3.25	Lyft	North Station	Fenway	27.5	1.0	lyft_lux	Lux Black	2018	12.0	16.0	8.0
1.38	Lyft	South Station	Back Bay	7.0	1.0	lyft	Lyft	2018	11.0	29.0	5.0
2.87	Lyft	West End	Northeastern University	26.0	1.0	lyft_lux	Lux Black	2018	11.0	26.0	22.0
2.3	Lyft	Fenway	Beacon Hill	19.5	1.0	lyft_lux	Lux Black	2018	11.0	29.0	11.0
1.08	Lyft	Northeastern University	Back Bay	16.5	1.0	lyft_lux	Lux Black	2018	12.0	3.0	4.0
2.62	Lyft	Beacon Hill	Boston University	7.0	1.0	lyft_line	Shared	2018	12.0	3.0	9.0
2.34	Lyft	Fenway	Beacon Hill	7.0	1.0	lyft_line	Shared	2018	12.0	16.0	8.0
1.33	Lyft	Theatre District	Haymarket Square	26.0	1.0	lyft_luxsuv	Lux Black XL	2018	11.0	28.0	15.0
3.06	Lyft	Northeastern University	West End	26.0	1.0	lyft_lux	Lux Black	2018	11.0	27.0	0.0
4.24	Lyft	Financial District	Fenway	26.0	2.0	lyft	Lyft	2018	12.0	16.0	22.0
1.28	Lyft	Back Bay	Northeastern University	27.5	1.0	lyft_luxsuv	Lux Black XL	2018	12.0	4.0	5.0
2.95	Lyft	Fenway	West End	19.5	1.0	lyft_premier	Lux	2018	11.0	28.0	18.0
4.95	Lyft	Boston University	Theatre District	13.5	1.0	lyft	Lyft	2018	12.0	16.0	0.0
1.91	Lyft	Back Bay	Boston University	16.5	1.0	lyft_premier	Lux	2018	12.0	1.0	4.0
0.52	Lyft	North Station	Haymarket Square	10.5	1.0	lyft_premier	Lux	2018	11.0	27.0	17.0
1.15	Lyft	Financial District	North End	3.5	1.0	lyft_line	Shared	2018	11.0	29.0	5.0
1.45	Lyft	Back Bay	Northeastern University	7.0	1.0	lyft	Lyft	2018	12.0	13.0	3.0
1.56	Lyft	Theatre District	North End	9.0	1.0	lyft	Lyft	2018	11.0	28.0	18.0
1.73	Lyft	West End	South Station	16.5	1.0	lyft_premier	Lux	2018	12.0	16.0	17.0
2.1	Lyft	South Station	West End	9.0	1.0	lyft	Lyft	2018	12.0	10.0	0.0
1.5	Lyft	South Station	Beacon Hill	27.5	1.0	lyft_luxsuv	Lux Black XL	2018	11.0	28.0	18.0
0.58	Lyft	West End	Haymarket Square	10.5	1.0	lyft_premier	Lux	2018	12.0	3.0	23.0
3.07	Lyft	Northeastern University	West End	34.0	1.0	lyft_luxsuv	Lux Black XL	2018	12.0	16.0	14.0
2.66	Lyft	Beacon Hill	Boston University	32.5	1.0	lyft_luxsuv	Lux Black XL	2018	12.0	13.0	8.0
0.62	Lyft	Haymarket Square	North Station	16.5	1.0	lyft_lux	Lux Black	2018	12.0	13.0	19.0
3.06	Lyft	West End	Boston University	19.5	1.0	lyft_premier	Lux	2018	12.0	17.0	9.0
1.73	Lyft	North End	Theatre District	7.0	1.0	lyft_line	Shared	2018	12.0	17.0	7.0
1.02	Lyft	North End	West End	26.0	1.0	lyft_luxsuv	Lux Black XL	2018	12.0	16.0	0.0
2.54	Lyft	Beacon Hill	South Station	9.0	1.0	lyft	Lyft	2018	11.0	28.0	15.0
1.1	Lyft	North Station	North End	7.0	1.0	lyft	Lyft	2018	12.0	2.0	14.0
2.96	Lyft	Theatre District	Boston University	16.5	1.0	lyft_plus	Lyft XL	2018	11.0	30.0	9.0
3.31	Lyft	Northeastern University	North Station	7.0	1.0	lyft_line	Shared	2018	11.0	29.0	2.0
2.5	Lyft	Northeastern University	Beacon Hill	30.0	1.0	lyft_luxsuv	Lux Black XL	2018	11.0	29.0	19.0
2.26	Lyft	Haymarket Square	Back Bay	34.0	1.0	lyft_luxsuv	Lux Black XL	2018	11.0	29.0	8.0
1.28	Lyft	Theatre District	Haymarket Square	5.0	1.0	lyft_line	Shared	2018	11.0	27.0	23.0
2.12	Lyft	South Station	North Station	13.5	1.0	lyft_plus	Lyft XL	2018	11.0	30.0	12.0
2.97	Lyft	Fenway	West End	19.5	1.0	lyft_premier	Lux	2018	11.0	30.0	1.0
1.59	Lyft	Back Bay	Boston University	27.5	1.0	lyft_luxsuv	Lux Black XL	2018	12.0	15.0	7.0
2.84	Lyft	West End	Fenway	9.0	1.0	lyft_line	Shared	2018	11.0	27.0	23.0
1.07	Lyft	North End	West End	13.5	1.0	lyft_premier	Lux	2018	11.0	27.0	12.0
1.22	Lyft	Haymarket Square	Financial District	7.0	1.0	lyft	Lyft	2018	12.0	14.0	1.0
0.58	Lyft	Financial District	South Station	3.5	1.0	lyft_line	Shared	2018	11.0	27.0	3.0
0.92	Lyft	Haymarket Square	West End	10.5	1.0	lyft_plus	Lyft XL	2018	11.0	29.0	11.0
2.38	Lyft	Beacon Hill	Fenway	16.5	1.0	lyft_plus	Lyft XL	2018	11.0	27.0	3.0
1.46	Lyft	North End	Beacon Hill	13.5	1.0	lyft_premier	Lux	2018	11.0	27.0	20.0
1.33	Lyft	South Station	Back Bay	5.0	1.0	lyft_line	Shared	2018	12.0	2.0	0.0
1.87	Lyft	Beacon Hill	North End	30.0	1.0	lyft_luxsuv	Lux Black XL	2018	11.0	27.0	9.0
4.19	Lyft	Financial District	Northeastern University	30.0	1.25	lyft_premier	Lux	2018	12.0	16.0	11.0
0.56	Lyft	Financial District	South Station	10.5	1.0	lyft_plus	Lyft XL	2018	11.0	27.0	14.0
3.76	Lyft	Fenway	Financial District	30.0	1.0	lyft_lux	Lux Black	2018	12.0	17.0	20.0
4.61	Lyft	Financial District	Fenway	7.0	1.0	lyft_line	Shared	2018	11.0	30.0	15.0
4.38	Lyft	Financial District	Boston University	13.5	1.0	lyft	Lyft	2018	11.0	28.0	18.0
3.15	Lyft	Boston University	North Station	7.0	1.0	lyft_line	Shared	2018	12.0	14.0	23.0
1.47	Lyft	South Station	Beacon Hill	16.5	1.0	lyft_premier	Lux	2018	12.0	16.0	17.0
2.16	Lyft	Northeastern University	Theatre District	10.5	1.0	lyft	Lyft	2018	11.0	28.0	10.0
3.75	Lyft	Financial District	Boston University	27.5	1.0	lyft_premier	Lux	2018	11.0	28.0	10.0
0.58	Lyft	Financial District	South Station	5.0	1.0	lyft_line	Shared	2018	12.0	2.0	5.0
3.12	Lyft	West End	Boston University	16.5	1.0	lyft_plus	Lyft XL	2018	12.0	16.0	3.0
1.25	Lyft	North End	Financial District	13.5	1.0	lyft_premier	Lux	2018	12.0	13.0	19.0
2.96	Lyft	Theatre District	Boston University	16.5	1.0	lyft_plus	Lyft XL	2018	12.0	3.0	23.0
1.57	Lyft	Beacon Hill	North End	19.5	1.0	lyft_lux	Lux Black	2018	11.0	28.0	13.0
1.06	Lyft	North End	West End	13.5	1.0	lyft_premier	Lux	2018	12.0	2.0	17.0
1.24	Lyft	West End	North End	16.5	1.0	lyft_lux	Lux Black	2018	11.0	29.0	2.0
1.3	Lyft	Back Bay	Northeastern University	5.0	1.0	lyft_line	Shared	2018	11.0	28.0	13.0
1.71	Lyft	West End	South Station	16.5	1.0	lyft_premier	Lux	2018	12.0	18.0	5.0
2.3	Lyft	Boston University	Beacon Hill	16.5	1.0	lyft_plus	Lyft XL	2018	11.0	28.0	15.0
0.58	Lyft	North Station	Haymarket Square	16.5	1.0	lyft_lux	Lux Black	2018	11.0	27.0	9.0
1.11	Lyft	North End	Financial District	16.5	1.0	lyft_lux	Lux Black	2018	12.0	17.0	15.0
0.93	Lyft	Haymarket Square	Financial District	13.5	1.0	lyft_premier	Lux	2018	12.0	3.0	12.0
2.29	Lyft	Haymarket Square	Back Bay	7.0	1.0	lyft_line	Shared	2018	11.0	29.0	2.0
0.46	Lyft	South Station	Financial District	7.0	1.0	lyft	Lyft	2018	12.0	15.0	10.0
2.07	Lyft	South Station	North Station	7.0	1.0	lyft_line	Shared	2018	11.0	30.0	3.0
0.69	Lyft	West End	Haymarket Square	26.0	1.0	lyft_luxsuv	Lux Black XL	2018	11.0	27.0	20.0
1.05	Lyft	Financial District	Haymarket Square	10.5	1.0	lyft_plus	Lyft XL	2018	11.0	27.0	12.0
5.37	Lyft	Boston University	Financial District	11.0	1.0	lyft_line	Shared	2018	11.0	28.0	21.0
1.12	Lyft	Theatre District	South Station	7.0	1.0	lyft	Lyft	2018	11.0	27.0	23.0
4.23	Lyft	Financial District	Northeastern University	13.5	1.0	lyft	Lyft	2018	12.0	18.0	5.0
1.5	Lyft	Theatre District	North End	22.5	1.0	lyft_lux	Lux Black	2018	11.0	28.0	13.0
4.2	Lyft	Financial District	Fenway	11.0	1.0	lyft_line	Shared	2018	12.0	13.0	19.0
2.12	Lyft	Back Bay	Boston University	9.0	1.0	lyft	Lyft	2018	12.0	3.0	23.0
2.41	Lyft	Beacon Hill	Fenway	16.5	1.0	lyft_premier	Lux	2018	11.0	27.0	17.0
1.53	Lyft	Theatre District	North End	13.5	1.0	lyft_plus	Lyft XL	2018	12.0	14.0	20.0
2.92	Lyft	Back Bay	North End	16.5	1.0	lyft_plus	Lyft XL	2018	12.0	2.0	19.0
2.6	Lyft	North End	Back Bay	22.5	1.0	lyft_premier	Lux	2018	12.0	14.0	20.0
1.54	Lyft	Theatre District	North End	13.5	1.0	lyft_plus	Lyft XL	2018	11.0	29.0	16.0
4.34	Lyft	Financial District	Fenway	34.0	1.0	lyft_lux	Lux Black	2018	11.0	26.0	22.0
1.39	Lyft	Haymarket Square	Beacon Hill	13.5	1.0	lyft_premier	Lux	2018	12.0	3.0	1.0
2.91	Lyft	Boston University	West End	7.0	1.0	lyft_line	Shared	2018	11.0	30.0	9.0
0.64	Lyft	West End	Haymarket Square	5.0	1.0	lyft_line	Shared	2018	12.0	16.0	14.0
3.41	Lyft	Northeastern University	Financial District	10.5	1.0	lyft	Lyft	2018	12.0	1.0	10.0
1.39	Lyft	Beacon Hill	Haymarket Square	11.0	1.0	lyft_plus	Lyft XL	2018	11.0	26.0	8.0
3.47	Lyft	North Station	Boston University	22.5	1.0	lyft_plus	Lyft XL	2018	12.0	17.0	9.0
0.57	Lyft	North Station	Haymarket Square	7.0	1.0	lyft	Lyft	2018	12.0	4.0	5.0
2.96	Lyft	Theatre District	Boston University	27.5	1.0	lyft_lux	Lux Black	2018	11.0	27.0	20.0
1.2	Lyft	Financial District	North End	5.0	1.0	lyft_line	Shared	2018	11.0	28.0	21.0
0.88	Lyft	Financial District	Haymarket Square	27.5	1.0	lyft_luxsuv	Lux Black XL	2018	12.0	4.0	2.0
5.42	Lyft	Boston University	Financial District	22.5	1.0	lyft_plus	Lyft XL	2018	12.0	2.0	14.0
1.27	Lyft	Haymarket Square	Financial District	7.0	1.0	lyft	Lyft	2018	11.0	27.0	14.0
1.1	Lyft	North Station	North End	13.5	1.0	lyft_premier	Lux	2018	12.0	18.0	2.0
2.99	Lyft	Theatre District	Boston University	19.5	1.0	lyft_premier	Lux	2018	12.0	14.0	12.0
3.32	Lyft	Back Bay	South Station	16.5	1.0	lyft_plus	Lyft XL	2018	11.0	28.0	15.0
0.94	Lyft	North Station	North End	5.0	1.0	lyft_line	Shared	2018	11.0	28.0	21.0
2.68	Lyft	Beacon Hill	Boston University	7.0	1.0	lyft_line	Shared	2018	12.0	2.0	14.0
2.41	Lyft	Beacon Hill	Northeastern University	47.5	1.5	lyft_luxsuv	Lux Black XL	2018	11.0	29.0	0.0
1.39	Lyft	South Station	Back Bay	13.5	1.75	lyft	Lyft	2018	11.0	30.0	3.0
3.31	Lyft	Back Bay	South Station	9.0	1.0	lyft	Lyft	2018	12.0	2.0	0.0
3.36	Lyft	Northeastern University	North Station	26.0	1.0	lyft_lux	Lux Black	2018	12.0	16.0	17.0
1.23	Lyft	Theatre District	Haymarket Square	7.0	1.0	lyft	Lyft	2018	12.0	13.0	14.0
1.06	Lyft	Northeastern University	Back Bay	7.0	1.0	lyft	Lyft	2018	12.0	13.0	16.0
1.73	Lyft	South Station	West End	7.0	1.0	lyft_line	Shared	2018	11.0	26.0	13.0
2.42	Lyft	Beacon Hill	Fenway	16.5	1.0	lyft_premier	Lux	2018	12.0	18.0	5.0
2.95	Lyft	Fenway	West End	16.5	1.0	lyft_plus	Lyft XL	2018	12.0	2.0	3.0
2.94	Lyft	Theatre District	Boston University	27.5	1.0	lyft_lux	Lux Black	2018	12.0	13.0	3.0
3.45	Lyft	Northeastern University	Financial District	26.0	1.0	lyft_lux	Lux Black	2018	11.0	27.0	14.0
2.4	Lyft	Beacon Hill	Fenway	13.5	1.0	lyft_plus	Lyft XL	2018	12.0	1.0	4.0
4.72	Lyft	Boston University	Theatre District	45.5	1.0	lyft_luxsuv	Lux Black XL	2018	11.0	26.0	19.0
2.6	Lyft	South Station	Back Bay	32.5	1.0	lyft_luxsuv	Lux Black XL	2018	11.0	26.0	22.0
3.1	Lyft	Northeastern University	West End	7.0	1.0	lyft_line	Shared	2018	12.0	17.0	23.0
3.1	Lyft	Northeastern University	West End	26.0	1.25	lyft_premier	Lux	2018	12.0	15.0	16.0
2.63	Lyft	Beacon Hill	Boston University	7.0	1.0	lyft_line	Shared	2018	12.0	14.0	23.0
2.46	Lyft	Northeastern University	Beacon Hill	22.5	1.0	lyft_lux	Lux Black	2018	11.0	29.0	16.0
0.74	Lyft	Haymarket Square	North Station	3.0	1.0	lyft_line	Shared	2018	11.0	29.0	2.0
4.55	Lyft	Fenway	Financial District	22.5	1.0	lyft_plus	Lyft XL	2018	12.0	15.0	5.0
1.99	Lyft	Back Bay	Haymarket Square	22.5	1.0	lyft_lux	Lux Black	2018	11.0	30.0	17.0
2.86	Lyft	Boston University	West End	19.5	1.0	lyft_plus	Lyft XL	2018	12.0	16.0	3.0
4.74	Lyft	Boston University	Theatre District	9.0	1.0	lyft_line	Shared	2018	12.0	17.0	4.0
1.61	Lyft	Boston University	Back Bay	16.5	1.0	lyft_premier	Lux	2018	12.0	14.0	9.0
0.53	Lyft	North Station	Haymarket Square	16.5	1.0	lyft_lux	Lux Black	2018	11.0	27.0	6.0
1.38	Lyft	Fenway	Back Bay	9.0	1.25	lyft	Lyft	2018	12.0	14.0	12.0
1.68	Lyft	Back Bay	Fenway	22.5	1.25	lyft_lux	Lux Black	2018	12.0	1.0	2.0
3.22	Lyft	Back Bay	South Station	19.5	1.0	lyft_plus	Lyft XL	2018	12.0	2.0	8.0
1.52	Lyft	Theatre District	North End	16.5	1.0	lyft_premier	Lux	2018	12.0	16.0	17.0
2.75	Lyft	West End	Northeastern University	30.0	1.0	lyft_luxsuv	Lux Black XL	2018	11.0	30.0	6.0
2.87	Lyft	Boston University	West End	27.5	1.0	lyft_lux	Lux Black	2018	11.0	27.0	23.0
0.77	Lyft	Haymarket Square	West End	3.0	1.0	lyft_line	Shared	2018	12.0	3.0	4.0
2.46	Lyft	Northeastern University	Beacon Hill	22.5	1.0	lyft_lux	Lux Black	2018	11.0	29.0	2.0
2.95	Lyft	Theatre District	Boston University	30.0	1.25	lyft_lux	Lux Black	2018	12.0	13.0	22.0
3.33	Lyft	Northeastern University	North Station	22.5	1.0	lyft_premier	Lux	2018	11.0	30.0	6.0
2.26	Lyft	Haymarket Square	Back Bay	26.0	1.0	lyft_lux	Lux Black	2018	12.0	15.0	13.0
3.06	Lyft	Northeastern University	West End	38.5	1.0	lyft_luxsuv	Lux Black XL	2018	11.0	28.0	18.0
0.72	Lyft	Haymarket Square	North Station	3.5	1.0	lyft_line	Shared	2018	11.0	27.0	12.0
3.14	Lyft	Boston University	North Station	27.5	1.0	lyft_lux	Lux Black	2018	12.0	1.0	13.0
2.86	Lyft	West End	Northeastern University	38.0	1.25	lyft_luxsuv	Lux Black XL	2018	12.0	2.0	14.0
3.24	Lyft	North Station	Northeastern University	7.0	1.0	lyft_line	Shared	2018	12.0	16.0	0.0
1.06	Lyft	Northeastern University	Back Bay	11.0	1.0	lyft_plus	Lyft XL	2018	12.0	2.0	11.0
2.54	Lyft	Theatre District	Boston University	22.5	1.25	lyft_premier	Lux	2018	11.0	26.0	13.0
4.17	Lyft	Financial District	Northeastern University	9.0	1.0	lyft_line	Shared	2018	12.0	1.0	7.0
2.69	Lyft	Theatre District	Fenway	11.0	1.0	lyft	Lyft	2018	12.0	15.0	2.0
3.1	Lyft	Boston University	North Station	22.5	1.0	lyft_premier	Lux	2018	12.0	13.0	14.0
3.04	Lyft	West End	Boston University	22.5	1.0	lyft_lux	Lux Black	2018	11.0	30.0	20.0
2.42	Lyft	Back Bay	South Station	38.5	1.0	lyft_luxsuv	Lux Black XL	2018	12.0	14.0	6.0
3.19	Lyft	North Station	Northeastern University	22.5	1.0	lyft_lux	Lux Black	2018	12.0	3.0	15.0
1.37	Lyft	South Station	Back Bay	11.0	1.0	lyft	Lyft	2018	12.0	3.0	12.0
3.31	Lyft	Northeastern University	North Station	38.0	1.0	lyft_luxsuv	Lux Black XL	2018	12.0	3.0	9.0
2.44	Lyft	Beacon Hill	Northeastern University	9.0	1.0	lyft	Lyft	2018	11.0	29.0	16.0
3.06	Lyft	West End	Boston University	7.0	1.0	lyft_line	Shared	2018	11.0	28.0	13.0
1.79	Lyft	Beacon Hill	North End	16.5	1.0	lyft_premier	Lux	2018	12.0	1.0	4.0
2.75	Lyft	West End	Northeastern University	19.5	1.0	lyft_premier	Lux	2018	11.0	28.0	21.0
3.14	Lyft	West End	Boston University	7.0	1.0	lyft_line	Shared	2018	12.0	16.0	11.0
1.06	Lyft	North End	North Station	5.0	1.0	lyft_line	Shared	2018	11.0	27.0	0.0
0.53	Lyft	Financial District	South Station	9.0	1.0	lyft_plus	Lyft XL	2018	11.0	30.0	15.0
0.44	Lyft	South Station	Financial District	10.5	1.0	lyft_premier	Lux	2018	11.0	28.0	15.0
3.42	Lyft	Northeastern University	Financial District	9.0	1.0	lyft_line	Shared	2018	12.0	13.0	22.0
2.46	Lyft	Northeastern University	Beacon Hill	9.0	1.0	lyft	Lyft	2018	12.0	16.0	19.0
1.08	Lyft	North Station	North End	13.5	1.0	lyft_premier	Lux	2018	12.0	1.0	7.0
2.91	Lyft	Back Bay	North End	22.5	1.0	lyft_premier	Lux	2018	11.0	29.0	2.0
2.11	Lyft	South Station	West End	9.0	1.0	lyft	Lyft	2018	12.0	14.0	15.0
1.26	Lyft	Theatre District	Haymarket Square	7.0	1.0	lyft	Lyft	2018	12.0	16.0	8.0
4.35	Lyft	Financial District	Fenway	27.5	1.0	lyft_premier	Lux	2018	12.0	18.0	10.0
1.25	Lyft	Theatre District	Haymarket Square	16.5	1.0	lyft_lux	Lux Black	2018	12.0	14.0	12.0
1.73	Lyft	West End	South Station	16.5	1.0	lyft_premier	Lux	2018	11.0	27.0	14.0
1.0	Lyft	North Station	North End	13.5	1.0	lyft_premier	Lux	2018	12.0	16.0	8.0
1.55	Lyft	North End	Beacon Hill	30.0	1.0	lyft_luxsuv	Lux Black XL	2018	11.0	29.0	0.0
1.04	Lyft	Financial District	Haymarket Square	10.5	1.0	lyft_premier	Lux	2018	12.0	14.0	15.0
3.2	Lyft	Northeastern University	Financial District	27.5	1.0	lyft_lux	Lux Black	2018	12.0	14.0	17.0
1.06	Lyft	North End	West End	16.5	1.0	lyft_lux	Lux Black	2018	12.0	1.0	4.0
5.21	Lyft	Boston University	Financial District	34.0	1.0	lyft_lux	Lux Black	2018	12.0	14.0	20.0
2.96	Lyft	Theatre District	Boston University	22.5	1.25	lyft_plus	Lyft XL	2018	12.0	2.0	5.0
2.2	Lyft	Haymarket Square	Back Bay	32.5	1.0	lyft_luxsuv	Lux Black XL	2018	12.0	13.0	5.0
1.36	Lyft	South Station	Back Bay	30.0	1.0	lyft_luxsuv	Lux Black XL	2018	12.0	15.0	2.0
1.11	Lyft	Financial District	North End	13.5	1.0	lyft_premier	Lux	2018	11.0	30.0	1.0
1.06	Lyft	North End	West End	16.5	1.0	lyft_lux	Lux Black	2018	11.0	28.0	10.0
1.45	Lyft	West End	North End	26.0	1.0	lyft_luxsuv	Lux Black XL	2018	12.0	14.0	6.0
1.22	Lyft	Beacon Hill	Haymarket Square	13.5	1.0	lyft_premier	Lux	2018	11.0	28.0	15.0
1.05	Lyft	Financial District	Haymarket Square	10.5	1.0	lyft_premier	Lux	2018	12.0	18.0	10.0
1.96	Lyft	Beacon Hill	North End	3.5	1.0	lyft_line	Shared	2018	12.0	1.0	7.0
2.63	Lyft	Beacon Hill	Boston University	16.5	1.0	lyft_plus	Lyft XL	2018	12.0	17.0	20.0
3.25	Lyft	Northeastern University	North Station	16.5	1.0	lyft_plus	Lyft XL	2018	11.0	27.0	17.0
3.18	Lyft	Northeastern University	Financial District	38.5	1.0	lyft_luxsuv	Lux Black XL	2018	11.0	28.0	10.0
1.23	Lyft	West End	North End	13.5	1.0	lyft_plus	Lyft XL	2018	12.0	15.0	21.0
2.3	Lyft	Haymarket Square	Back Bay	16.5	1.0	lyft_plus	Lyft XL	2018	12.0	3.0	20.0
2.3	Lyft	Haymarket Square	Back Bay	19.5	1.0	lyft_premier	Lux	2018	12.0	17.0	23.0
2.88	Lyft	Back Bay	North End	38.5	1.0	lyft_luxsuv	Lux Black XL	2018	11.0	29.0	2.0
0.65	Lyft	West End	Haymarket Square	10.5	1.0	lyft_plus	Lyft XL	2018	12.0	16.0	22.0
4.48	Lyft	Financial District	Boston University	34.0	1.0	lyft_lux	Lux Black	2018	12.0	15.0	13.0
2.07	Lyft	Northeastern University	Beacon Hill	10.5	1.0	lyft	Lyft	2018	12.0	18.0	2.0
5.35	Lyft	Boston University	Financial District	30.0	1.0	lyft_premier	Lux	2018	11.0	26.0	22.0
3.22	Lyft	North Station	Fenway	19.5	1.0	lyft_plus	Lyft XL	2018	11.0	26.0	5.0
0.99	Lyft	Haymarket Square	Financial District	7.0	1.0	lyft	Lyft	2018	11.0	30.0	9.0
0.48	Lyft	South Station	Financial District	26.0	1.0	lyft_luxsuv	Lux Black XL	2018	12.0	10.0	2.0
0.62	Lyft	South Station	Theatre District	27.5	1.0	lyft_luxsuv	Lux Black XL	2018	12.0	2.0	14.0
3.31	Lyft	North Station	Northeastern University	27.5	1.0	lyft_lux	Lux Black	2018	11.0	26.0	16.0
1.66	Lyft	West End	South Station	26.0	1.0	lyft_luxsuv	Lux Black XL	2018	11.0	27.0	3.0
4.59	Lyft	Financial District	Boston University	13.5	1.0	lyft	Lyft	2018	12.0	3.0	20.0
2.62	Lyft	Beacon Hill	Boston University	47.5	1.5	lyft_luxsuv	Lux Black XL	2018	12.0	3.0	18.0
2.67	Lyft	Theatre District	Fenway	13.5	1.5	lyft	Lyft	2018	12.0	14.0	6.0
1.0	Lyft	North End	Financial District	7.0	1.0	lyft	Lyft	2018	11.0	27.0	12.0
3.21	Lyft	North Station	Fenway	34.0	1.0	lyft_luxsuv	Lux Black XL	2018	11.0	28.0	18.0
2.15	Lyft	South Station	North Station	13.5	1.0	lyft_plus	Lyft XL	2018	11.0	28.0	18.0
1.06	Lyft	North End	North Station	16.5	1.25	lyft_premier	Lux	2018	11.0	29.0	2.0
1.07	Lyft	Financial District	Haymarket Square	3.5	1.0	lyft_line	Shared	2018	12.0	14.0	23.0
3.2	Lyft	Fenway	Theatre District	19.5	1.0	lyft_plus	Lyft XL	2018	11.0	30.0	3.0
2.53	Lyft	Beacon Hill	South Station	32.5	1.0	lyft_luxsuv	Lux Black XL	2018	12.0	4.0	2.0
0.97	Lyft	Financial District	Haymarket Square	10.5	1.0	lyft_plus	Lyft XL	2018	11.0	29.0	19.0
3.7	Lyft	Financial District	Boston University	42.5	1.25	lyft_lux	Lux Black	2018	12.0	3.0	12.0
3.17	Lyft	Fenway	North Station	32.5	1.0	lyft_luxsuv	Lux Black XL	2018	12.0	14.0	20.0
2.46	Lyft	South Station	Beacon Hill	9.0	1.0	lyft	Lyft	2018	11.0	30.0	12.0
1.2	Lyft	Theatre District	Haymarket Square	9.0	1.0	lyft	Lyft	2018	11.0	26.0	22.0
2.78	Lyft	West End	Fenway	26.0	1.0	lyft_lux	Lux Black	2018	11.0	26.0	22.0
4.25	Lyft	Financial District	Fenway	9.0	1.0	lyft_line	Shared	2018	12.0	17.0	1.0
2.84	Lyft	West End	Northeastern University	19.5	1.0	lyft_premier	Lux	2018	12.0	18.0	13.0
2.72	Lyft	Beacon Hill	Boston University	16.5	1.0	lyft_premier	Lux	2018	11.0	27.0	0.0
2.96	Lyft	Haymarket Square	Back Bay	38.5	1.0	lyft_luxsuv	Lux Black XL	2018	12.0	18.0	5.0
1.93	Lyft	Beacon Hill	North End	16.5	1.0	lyft_premier	Lux	2018	12.0	16.0	0.0
1.13	Lyft	Theatre District	South Station	13.5	1.0	lyft_plus	Lyft XL	2018	11.0	29.0	0.0
2.94	Lyft	Fenway	West End	32.5	1.0	lyft_luxsuv	Lux Black XL	2018	11.0	28.0	21.0
1.65	Lyft	West End	South Station	5.0	1.0	lyft_line	Shared	2018	12.0	17.0	1.0
1.3	Lyft	Beacon Hill	Haymarket Square	5.0	1.0	lyft_line	Shared	2018	11.0	29.0	2.0
2.25	Lyft	Boston University	Beacon Hill	5.0	1.0	lyft_line	Shared	2018	11.0	27.0	6.0
1.67	Lyft	North Station	South Station	13.5	1.0	lyft_plus	Lyft XL	2018	11.0	27.0	20.0
0.95	Lyft	Haymarket Square	Financial District	7.0	1.0	lyft	Lyft	2018	11.0	28.0	15.0
1.07	Lyft	North End	West End	16.5	1.0	lyft_lux	Lux Black	2018	12.0	14.0	17.0
0.54	Lyft	Financial District	South Station	7.0	1.0	lyft	Lyft	2018	11.0	28.0	18.0
2.37	Lyft	Beacon Hill	Fenway	30.0	1.0	lyft_luxsuv	Lux Black XL	2018	12.0	14.0	15.0
2.39	Lyft	Fenway	Beacon Hill	16.5	1.0	lyft_premier	Lux	2018	12.0	15.0	2.0
1.2	Lyft	West End	North End	16.5	1.0	lyft_lux	Lux Black	2018	12.0	2.0	5.0
4.47	Lyft	Financial District	Boston University	32.5	1.0	lyft_lux	Lux Black	2018	12.0	3.0	4.0
0.62	Lyft	South Station	Theatre District	13.5	1.5	lyft_premier	Lux	2018	11.0	28.0	18.0
1.8	Lyft	West End	South Station	5.0	1.0	lyft_line	Shared	2018	11.0	29.0	0.0
1.13	Lyft	Northeastern University	Back Bay	5.0	1.0	lyft_line	Shared	2018	12.0	3.0	23.0
2.84	Lyft	West End	Fenway	7.0	1.0	lyft_line	Shared	2018	11.0	28.0	13.0
2.31	Lyft	Haymarket Square	Back Bay	9.0	1.0	lyft	Lyft	2018	11.0	29.0	5.0
3.08	Lyft	West End	Boston University	22.5	1.0	lyft_lux	Lux Black	2018	11.0	26.0	5.0
3.44	Lyft	Northeastern University	Financial District	16.5	1.0	lyft_plus	Lyft XL	2018	12.0	15.0	13.0
1.26	Lyft	North End	Financial District	5.0	1.0	lyft_line	Shared	2018	12.0	15.0	7.0
2.96	Lyft	Theatre District	Boston University	16.5	1.0	lyft_plus	Lyft XL	2018	11.0	29.0	5.0
0.94	Lyft	North End	Financial District	10.5	1.0	lyft_plus	Lyft XL	2018	12.0	3.0	23.0
3.33	Lyft	Northeastern University	North Station	26.0	1.0	lyft_lux	Lux Black	2018	12.0	14.0	15.0
1.3	Lyft	Haymarket Square	Beacon Hill	13.5	1.0	lyft_premier	Lux	2018	12.0	2.0	5.0
0.76	Lyft	Haymarket Square	West End	10.5	1.0	lyft_premier	Lux	2018	12.0	13.0	5.0
3.23	Lyft	North Station	Fenway	9.0	1.0	lyft_line	Shared	2018	12.0	3.0	12.0
1.47	Lyft	South Station	Beacon Hill	10.5	1.0	lyft	Lyft	2018	12.0	13.0	5.0
1.38	Lyft	Haymarket Square	Beacon Hill	26.0	1.0	lyft_luxsuv	Lux Black XL	2018	12.0	14.0	12.0
1.54	Lyft	South Station	North Station	7.0	1.0	lyft	Lyft	2018	11.0	27.0	17.0
4.8	Lyft	Boston University	Theatre District	32.5	1.0	lyft_lux	Lux Black	2018	12.0	15.0	5.0
2.39	Lyft	Beacon Hill	Fenway	22.5	1.0	lyft_lux	Lux Black	2018	11.0	30.0	17.0
3.31	Lyft	Northeastern University	North Station	22.5	1.0	lyft_premier	Lux	2018	11.0	27.0	9.0
3.34	Lyft	Northeastern University	North Station	19.5	1.0	lyft_plus	Lyft XL	2018	12.0	4.0	5.0
3.12	Lyft	Fenway	Theatre District	26.0	1.0	lyft_lux	Lux Black	2018	12.0	15.0	5.0
0.72	Lyft	West End	Haymarket Square	5.0	1.0	lyft_line	Shared	2018	12.0	13.0	19.0
1.49	Lyft	Back Bay	Boston University	3.5	1.0	lyft_line	Shared	2018	11.0	28.0	13.0
1.24	Lyft	West End	North End	7.0	1.0	lyft	Lyft	2018	12.0	10.0	2.0
2.38	Lyft	Back Bay	Haymarket Square	22.5	1.0	lyft_lux	Lux Black	2018	11.0	29.0	0.0
0.94	Lyft	North End	Financial District	13.5	1.0	lyft_premier	Lux	2018	11.0	30.0	6.0
3.25	Lyft	North Station	Northeastern University	7.0	1.0	lyft_line	Shared	2018	12.0	15.0	7.0
0.76	Lyft	Haymarket Square	West End	16.5	1.0	lyft_lux	Lux Black	2018	12.0	13.0	19.0
1.08	Lyft	North Station	North End	13.5	1.0	lyft_premier	Lux	2018	11.0	29.0	2.0
3.07	Lyft	West End	Boston University	26.0	1.0	lyft_lux	Lux Black	2018	11.0	27.0	9.0
3.24	Lyft	Financial District	Fenway	34.0	1.0	lyft_lux	Lux Black	2018	11.0	26.0	13.0
0.4	Lyft	South Station	Financial District	9.0	1.0	lyft_plus	Lyft XL	2018	11.0	27.0	20.0
0.99	Lyft	Financial District	Haymarket Square	11.0	1.0	lyft_plus	Lyft XL	2018	12.0	14.0	9.0
3.03	Lyft	Northeastern University	West End	11.0	1.0	lyft	Lyft	2018	12.0	13.0	14.0
3.21	Lyft	Fenway	North Station	10.5	1.0	lyft	Lyft	2018	12.0	1.0	2.0
2.45	Lyft	Fenway	Beacon Hill	16.5	1.0	lyft_plus	Lyft XL	2018	12.0	2.0	3.0
1.54	Lyft	Theatre District	North End	30.0	1.0	lyft_luxsuv	Lux Black XL	2018	12.0	16.0	3.0
2.26	Lyft	Boston University	Beacon Hill	13.5	1.0	lyft_plus	Lyft XL	2018	12.0	2.0	8.0
4.35	Lyft	Financial District	Fenway	22.5	1.0	lyft_plus	Lyft XL	2018	11.0	29.0	2.0
1.23	Lyft	West End	North End	19.5	1.0	lyft_lux	Lux Black	2018	12.0	16.0	3.0
2.83	Lyft	West End	Northeastern University	34.0	1.0	lyft_luxsuv	Lux Black XL	2018	11.0	28.0	13.0
3.26	Lyft	North Station	Northeastern University	27.5	1.5	lyft_plus	Lyft XL	2018	12.0	13.0	19.0
2.31	Lyft	Boston University	Beacon Hill	16.5	1.0	lyft_premier	Lux	2018	12.0	1.0	10.0
0.69	Lyft	West End	Haymarket Square	27.5	1.0	lyft_luxsuv	Lux Black XL	2018	12.0	17.0	23.0
2.39	Lyft	Beacon Hill	Northeastern University	30.0	1.0	lyft_luxsuv	Lux Black XL	2018	11.0	29.0	8.0
1.26	Lyft	North End	Financial District	16.5	1.0	lyft_lux	Lux Black	2018	11.0	29.0	2.0
4.62	Lyft	Financial District	Boston University	7.0	1.0	lyft_line	Shared	2018	12.0	3.0	23.0
5.11	Lyft	Boston University	Financial District	52.5	1.75	lyft_premier	Lux	2018	11.0	28.0	18.0
1.02	Lyft	Haymarket Square	Financial District	26.0	1.0	lyft_luxsuv	Lux Black XL	2018	11.0	29.0	0.0
2.94	Lyft	Fenway	West End	19.5	1.0	lyft_premier	Lux	2018	12.0	15.0	13.0
1.16	Lyft	North End	Financial District	13.5	1.0	lyft_premier	Lux	2018	12.0	1.0	2.0
1.72	Lyft	West End	South Station	7.0	1.0	lyft_line	Shared	2018	12.0	18.0	2.0
2.41	Lyft	South Station	Beacon Hill	19.5	1.25	lyft_premier	Lux	2018	11.0	28.0	15.0
2.52	Lyft	Back Bay	North End	19.5	1.0	lyft_plus	Lyft XL	2018	12.0	18.0	13.0
1.9	Lyft	North Station	South Station	16.5	1.0	lyft_premier	Lux	2018	12.0	16.0	3.0
3.26	Lyft	North Station	Northeastern University	11.0	1.0	lyft	Lyft	2018	12.0	3.0	12.0
0.95	Lyft	Beacon Hill	Haymarket Square	7.0	1.0	lyft	Lyft	2018	11.0	29.0	2.0
0.92	Lyft	Haymarket Square	Financial District	5.0	1.0	lyft_line	Shared	2018	12.0	3.0	9.0
1.0	Lyft	North Station	North End	16.5	1.0	lyft_lux	Lux Black	2018	12.0	4.0	2.0
4.23	Lyft	Financial District	Northeastern University	13.5	1.0	lyft	Lyft	2018	12.0	14.0	12.0
1.07	Lyft	Northeastern University	Back Bay	10.5	1.0	lyft_plus	Lyft XL	2018	11.0	27.0	20.0
4.53	Lyft	Financial District	Boston University	27.5	1.0	lyft_premier	Lux	2018	12.0	1.0	16.0
1.77	Lyft	North Station	South Station	19.5	1.0	lyft_lux	Lux Black	2018	12.0	3.0	6.0
3.27	Lyft	North Station	Northeastern University	26.0	1.0	lyft_lux	Lux Black	2018	11.0	26.0	22.0
2.43	Lyft	Beacon Hill	North End	32.5	1.0	lyft_luxsuv	Lux Black XL	2018	12.0	18.0	5.0
2.79	Lyft	West End	Fenway	22.5	1.0	lyft_lux	Lux Black	2018	11.0	30.0	20.0
1.24	Lyft	North End	Financial District	7.0	1.0	lyft	Lyft	2018	11.0	27.0	3.0
2.95	Lyft	Fenway	West End	9.0	1.0	lyft	Lyft	2018	11.0	29.0	2.0
3.4	Lyft	Northeastern University	Financial District	38.5	1.0	lyft_luxsuv	Lux Black XL	2018	11.0	27.0	20.0
2.91	Lyft	Boston University	West End	16.5	1.0	lyft_plus	Lyft XL	2018	12.0	14.0	15.0
1.07	Lyft	Northeastern University	Back Bay	10.5	1.0	lyft_plus	Lyft XL	2018	12.0	2.0	19.0
1.0	Lyft	Financial District	Haymarket Square	5.0	1.0	lyft_line	Shared	2018	11.0	28.0	10.0
2.93	Lyft	Theatre District	Boston University	45.5	1.25	lyft_luxsuv	Lux Black XL	2018	11.0	28.0	13.0
2.45	Lyft	Beacon Hill	North End	16.5	1.0	lyft_premier	Lux	2018	11.0	27.0	6.0
3.5	Lyft	North Station	Boston University	19.5	1.25	lyft_plus	Lyft XL	2018	11.0	29.0	8.0
1.18	Lyft	Theatre District	South Station	27.5	1.0	lyft_luxsuv	Lux Black XL	2018	12.0	13.0	5.0
1.7	Lyft	Beacon Hill	North End	22.5	1.0	lyft_lux	Lux Black	2018	12.0	1.0	4.0
1.65	Lyft	Haymarket Square	Theatre District	5.0	1.0	lyft_line	Shared	2018	11.0	28.0	18.0
2.3	Lyft	Haymarket Square	Back Bay	16.5	1.0	lyft_premier	Lux	2018	12.0	15.0	18.0
2.08	Lyft	North End	Beacon Hill	7.0	1.0	lyft_line	Shared	2018	12.0	3.0	9.0
3.76	Lyft	Fenway	Financial District	32.5	1.0	lyft_lux	Lux Black	2018	12.0	14.0	4.0
2.62	Lyft	Beacon Hill	South Station	19.5	1.0	lyft_premier	Lux	2018	12.0	18.0	10.0
1.26	Lyft	West End	North End	26.0	1.0	lyft_luxsuv	Lux Black XL	2018	11.0	29.0	0.0
1.79	Lyft	Beacon Hill	North End	16.5	1.0	lyft_premier	Lux	2018	12.0	10.0	0.0
2.8	Lyft	West End	Fenway	26.0	1.0	lyft_lux	Lux Black	2018	12.0	2.0	22.0
2.53	Lyft	Beacon Hill	South Station	26.0	1.0	lyft_lux	Lux Black	2018	12.0	14.0	17.0
1.52	Lyft	South Station	Beacon Hill	9.0	1.0	lyft	Lyft	2018	11.0	26.0	19.0
4.65	Lyft	Financial District	Boston University	32.5	1.0	lyft_lux	Lux Black	2018	12.0	14.0	23.0
2.59	Lyft	Beacon Hill	South Station	22.5	1.0	lyft_lux	Lux Black	2018	12.0	18.0	10.0
2.28	Lyft	Back Bay	Haymarket Square	10.5	1.0	lyft	Lyft	2018	12.0	15.0	18.0
3.14	Lyft	Boston University	North Station	11.0	1.0	lyft	Lyft	2018	11.0	27.0	23.0
1.14	Lyft	Northeastern University	Back Bay	45.5	1.75	lyft_luxsuv	Lux Black XL	2018	12.0	18.0	2.0
1.01	Lyft	Haymarket Square	Financial District	7.0	1.0	lyft	Lyft	2018	12.0	15.0	7.0
2.43	Lyft	Back Bay	South Station	19.5	1.0	lyft_plus	Lyft XL	2018	12.0	16.0	17.0
0.59	Lyft	Financial District	South Station	9.0	1.0	lyft_plus	Lyft XL	2018	11.0	28.0	13.0
1.45	Lyft	North End	Beacon Hill	19.5	1.25	lyft_lux	Lux Black	2018	12.0	2.0	5.0
0.71	Lyft	Haymarket Square	North Station	5.0	1.0	lyft_line	Shared	2018	12.0	1.0	18.0
0.63	Lyft	Financial District	South Station	32.5	1.25	lyft_luxsuv	Lux Black XL	2018	12.0	1.0	16.0
1.61	Lyft	Haymarket Square	North Station	7.0	1.0	lyft	Lyft	2018	11.0	29.0	2.0
2.0	Lyft	North Station	South Station	10.5	1.0	lyft	Lyft	2018	11.0	28.0	13.0
2.29	Lyft	Back Bay	Haymarket Square	3.0	1.0	lyft_line	Shared	2018	11.0	28.0	15.0
2.35	Lyft	Boston University	Beacon Hill	16.5	1.0	lyft_premier	Lux	2018	11.0	27.0	20.0
1.81	Lyft	Beacon Hill	North End	13.5	1.0	lyft_plus	Lyft XL	2018	12.0	2.0	8.0
1.89	Lyft	Beacon Hill	North End	7.0	1.0	lyft_line	Shared	2018	12.0	14.0	1.0
0.51	Lyft	South Station	Financial District	27.5	1.0	lyft_luxsuv	Lux Black XL	2018	12.0	3.0	15.0
2.01	Lyft	Theatre District	Northeastern University	19.5	1.0	lyft_lux	Lux Black	2018	12.0	2.0	0.0
1.27	Lyft	Back Bay	Northeastern University	13.5	1.0	lyft_premier	Lux	2018	12.0	17.0	4.0
1.09	Lyft	Theatre District	South Station	13.5	1.0	lyft_plus	Lyft XL	2018	12.0	13.0	5.0
3.17	Lyft	Fenway	North Station	34.0	1.0	lyft_luxsuv	Lux Black XL	2018	12.0	18.0	16.0
3.02	Lyft	North End	Back Bay	34.0	1.0	lyft_luxsuv	Lux Black XL	2018	12.0	3.0	6.0
2.44	Lyft	Beacon Hill	Fenway	16.5	1.0	lyft_premier	Lux	2018	12.0	1.0	13.0
4.73	Lyft	Financial District	Boston University	9.0	1.0	lyft_line	Shared	2018	11.0	30.0	6.0
1.45	Lyft	North End	Beacon Hill	16.5	1.0	lyft_premier	Lux	2018	12.0	1.0	18.0
4.3	Lyft	Northeastern University	Financial District	32.5	1.0	lyft_lux	Lux Black	2018	11.0	26.0	22.0
2.07	Lyft	Northeastern University	Beacon Hill	11.0	1.5	lyft	Lyft	2018	11.0	27.0	14.0
1.05	Lyft	North End	North Station	22.5	1.25	lyft_lux	Lux Black	2018	12.0	16.0	14.0
1.39	Lyft	Haymarket Square	Beacon Hill	13.5	1.0	lyft_premier	Lux	2018	12.0	14.0	6.0
2.86	Lyft	Boston University	West End	34.0	1.0	lyft_luxsuv	Lux Black XL	2018	12.0	16.0	0.0
3.11	Lyft	Fenway	Theatre District	38.5	1.0	lyft_luxsuv	Lux Black XL	2018	12.0	13.0	5.0
2.86	Lyft	Financial District	Northeastern University	22.5	1.5	lyft_plus	Lyft XL	2018	12.0	16.0	0.0
1.13	Lyft	Financial District	North End	5.0	1.0	lyft_line	Shared	2018	11.0	28.0	21.0
4.54	Lyft	Fenway	Financial District	26.0	1.0	lyft_premier	Lux	2018	12.0	16.0	0.0
1.19	Lyft	Theatre District	Haymarket Square	10.5	1.0	lyft_plus	Lyft XL	2018	12.0	14.0	12.0
3.25	Lyft	Northeastern University	North Station	55.0	1.5	lyft_luxsuv	Lux Black XL	2018	12.0	1.0	18.0
1.0	Lyft	Haymarket Square	Financial District	26.0	1.0	lyft_luxsuv	Lux Black XL	2018	12.0	2.0	0.0
0.59	Lyft	Financial District	South Station	11.0	1.0	lyft_premier	Lux	2018	11.0	27.0	17.0
1.45	Lyft	North End	Beacon Hill	30.0	1.0	lyft_luxsuv	Lux Black XL	2018	12.0	17.0	18.0
0.99	Lyft	Financial District	Haymarket Square	3.5	1.0	lyft_line	Shared	2018	12.0	17.0	18.0
2.41	Lyft	Beacon Hill	Northeastern University	32.5	1.0	lyft_luxsuv	Lux Black XL	2018	12.0	15.0	18.0
1.31	Lyft	Beacon Hill	Haymarket Square	7.0	1.0	lyft	Lyft	2018	11.0	29.0	16.0
1.07	Lyft	North End	North Station	16.5	1.0	lyft_lux	Lux Black	2018	12.0	10.0	0.0
5.42	Lyft	Boston University	Financial District	47.5	1.0	lyft_luxsuv	Lux Black XL	2018	11.0	27.0	0.0
2.93	Lyft	Fenway	West End	16.5	1.0	lyft_plus	Lyft XL	2018	12.0	14.0	20.0
1.39	Lyft	Fenway	Back Bay	22.5	1.25	lyft_lux	Lux Black	2018	12.0	2.0	5.0
3.2	Lyft	North Station	Fenway	27.5	1.0	lyft_lux	Lux Black	2018	12.0	13.0	8.0
0.71	Lyft	Haymarket Square	North Station	27.5	1.0	lyft_luxsuv	Lux Black XL	2018	12.0	3.0	1.0
1.93	Lyft	Beacon Hill	North End	3.0	1.0	lyft_line	Shared	2018	12.0	1.0	18.0
0.57	Lyft	North Station	Haymarket Square	26.0	1.0	lyft_luxsuv	Lux Black XL	2018	12.0	14.0	15.0
2.37	Lyft	Northeastern University	Theatre District	22.5	1.0	lyft_lux	Lux Black	2018	11.0	28.0	10.0
1.24	Lyft	Theatre District	Haymarket Square	27.5	1.0	lyft_luxsuv	Lux Black XL	2018	11.0	30.0	20.0
2.62	Lyft	Beacon Hill	Boston University	9.0	1.0	lyft_line	Shared	2018	11.0	27.0	9.0
4.6	Lyft	Financial District	Boston University	22.5	1.0	lyft_plus	Lyft XL	2018	11.0	29.0	19.0
1.13	Lyft	Theatre District	South Station	7.0	1.0	lyft	Lyft	2018	12.0	16.0	0.0
2.96	Lyft	Theatre District	Boston University	10.5	1.0	lyft	Lyft	2018	12.0	15.0	16.0
2.32	Lyft	Haymarket Square	Back Bay	10.5	1.0	lyft	Lyft	2018	11.0	28.0	21.0
3.23	Lyft	North Station	Fenway	27.5	1.0	lyft_lux	Lux Black	2018	11.0	29.0	19.0
1.43	Lyft	Fenway	Back Bay	19.5	1.0	lyft_lux	Lux Black	2018	12.0	14.0	20.0
0.57	Lyft	North Station	Haymarket Square	11.0	1.0	lyft_premier	Lux	2018	11.0	28.0	15.0
3.06	Lyft	West End	Boston University	19.5	1.0	lyft_premier	Lux	2018	12.0	2.0	14.0
3.53	Lyft	North Station	Boston University	10.5	1.0	lyft	Lyft	2018	11.0	28.0	15.0
2.51	Lyft	Northeastern University	Beacon Hill	19.5	1.0	lyft_premier	Lux	2018	12.0	16.0	11.0
0.63	Lyft	Haymarket Square	North Station	26.0	1.0	lyft_luxsuv	Lux Black XL	2018	12.0	17.0	7.0
1.55	Lyft	North End	Beacon Hill	27.5	1.0	lyft_luxsuv	Lux Black XL	2018	12.0	3.0	6.0
3.05	Lyft	Northeastern University	West End	9.0	1.0	lyft_line	Shared	2018	12.0	16.0	14.0
1.5	Lyft	Theatre District	North End	16.5	1.0	lyft_plus	Lyft XL	2018	11.0	26.0	5.0
0.44	Lyft	South Station	Financial District	7.0	1.0	lyft	Lyft	2018	11.0	26.0	13.0
2.26	Lyft	Boston University	Beacon Hill	27.5	1.0	lyft_luxsuv	Lux Black XL	2018	12.0	2.0	11.0
2.97	Lyft	Theatre District	Boston University	19.5	1.0	lyft_premier	Lux	2018	12.0	17.0	12.0
2.31	Lyft	Fenway	Beacon Hill	9.0	1.0	lyft	Lyft	2018	11.0	26.0	16.0
2.86	Lyft	West End	Fenway	10.5	1.0	lyft	Lyft	2018	11.0	26.0	5.0
1.71	Lyft	South Station	West End	16.5	1.0	lyft_premier	Lux	2018	11.0	26.0	16.0
3.17	Lyft	Fenway	Theatre District	22.5	1.0	lyft_premier	Lux	2018	11.0	29.0	22.0
1.45	Lyft	North End	Beacon Hill	13.5	1.0	lyft_premier	Lux	2018	11.0	27.0	6.0
2.96	Lyft	Fenway	West End	19.5	1.0	lyft_premier	Lux	2018	12.0	14.0	12.0
1.7	Lyft	West End	South Station	9.0	1.0	lyft	Lyft	2018	12.0	17.0	15.0
2.23	Lyft	Haymarket Square	Back Bay	22.5	1.0	lyft_lux	Lux Black	2018	11.0	30.0	3.0
0.45	Lyft	South Station	Financial District	10.5	1.0	lyft_premier	Lux	2018	12.0	15.0	21.0
1.45	Lyft	Back Bay	Northeastern University	9.0	1.0	lyft_line	Shared	2018	12.0	3.0	4.0
1.74	Lyft	South Station	North Station	27.5	1.0	lyft_luxsuv	Lux Black XL	2018	11.0	26.0	22.0
1.52	Lyft	Boston University	Back Bay	7.0	1.0	lyft_line	Shared	2018	12.0	18.0	16.0
0.77	Lyft	Haymarket Square	West End	26.0	1.0	lyft_luxsuv	Lux Black XL	2018	11.0	30.0	6.0
3.51	Lyft	Northeastern University	North Station	30.0	1.25	lyft_premier	Lux	2018	12.0	14.0	9.0
2.84	Lyft	West End	Fenway	7.0	1.0	lyft_line	Shared	2018	12.0	1.0	13.0
2.93	Lyft	Boston University	West End	16.5	1.0	lyft_plus	Lyft XL	2018	11.0	29.0	19.0
2.18	Lyft	Theatre District	Northeastern University	10.5	1.0	lyft	Lyft	2018	12.0	1.0	7.0
2.39	Lyft	Fenway	Beacon Hill	13.5	1.0	lyft_plus	Lyft XL	2018	11.0	29.0	2.0
0.97	Lyft	Beacon Hill	Haymarket Square	5.0	1.0	lyft_line	Shared	2018	11.0	30.0	20.0
3.01	Lyft	Fenway	West End	7.0	1.0	lyft_line	Shared	2018	11.0	29.0	11.0
2.52	Lyft	Northeastern University	Beacon Hill	9.0	1.0	lyft	Lyft	2018	11.0	27.0	12.0
5.21	Lyft	Boston University	Financial District	34.0	1.0	lyft_lux	Lux Black	2018	12.0	1.0	4.0
2.94	Lyft	Fenway	West End	16.5	1.0	lyft_plus	Lyft XL	2018	11.0	30.0	12.0
1.61	Lyft	Haymarket Square	North Station	3.5	1.0	lyft_line	Shared	2018	11.0	27.0	0.0
1.26	Lyft	Haymarket Square	Financial District	7.0	1.0	lyft	Lyft	2018	12.0	13.0	3.0
0.99	Lyft	North Station	North End	11.0	1.0	lyft_plus	Lyft XL	2018	11.0	27.0	0.0
1.06	Lyft	North End	North Station	10.5	1.0	lyft_plus	Lyft XL	2018	12.0	3.0	4.0
3.07	Lyft	Boston University	Theatre District	45.5	1.25	lyft_luxsuv	Lux Black XL	2018	12.0	14.0	15.0
1.56	Lyft	Back Bay	Fenway	7.0	1.0	lyft	Lyft	2018	12.0	14.0	6.0
2.71	Lyft	Theatre District	Fenway	19.5	1.0	lyft_premier	Lux	2018	12.0	18.0	13.0
1.73	Lyft	North End	Beacon Hill	19.5	1.0	lyft_lux	Lux Black	2018	12.0	18.0	13.0
1.56	Lyft	Theatre District	North End	19.5	1.0	lyft_lux	Lux Black	2018	12.0	16.0	0.0
0.59	Lyft	Financial District	South Station	26.0	1.0	lyft_luxsuv	Lux Black XL	2018	11.0	27.0	14.0
1.31	Lyft	Haymarket Square	Beacon Hill	7.0	1.0	lyft	Lyft	2018	12.0	3.0	18.0
