{
    "distance": {
        "scale": [
            0.845,
            1.165,
            1.395,
            1.7349999999999999,
            2.16,
            2.495,
            2.8,
            3.0949999999999998,
            3.79,
            5.2
        ],
        "distribution": [
            0.09955011508683825,
            0.10854781335007324,
            0.10268884703912952,
            0.10996024272860432,
            0.1052521448001674,
            0.10472902280811885,
            0.10598451558903536,
            0.10263653483992467,
            0.10771081816279557,
            0.05293994559531283
        ]
    },
    "Hour": {
        "scale": [
            1.5,
            4.0,
            6.5,
            9.5,
            12.0,
            14.0,
            16.0,
            18.5,
            21.0,
            22.5
        ],
        "distribution": [
            0.14122859418558342,
            0.06600955794504182,
            0.11584030266825966,
            0.12370569494225409,
            0.08024691358024691,
            0.09468339307048984,
            0.09428514536041417,
            0.12778773397052967,
            0.07457188371166866,
            0.08164078056551174
        ]
    },
    "surge_multiplier": {
        "scale": [
            1.0,
            1.25,
            1.5,
            1.75,
            2.0,
            2.5
        ],
        "distribution": [
            0.928215850258861,
            0.03778375149342891,
            0.01727399442453206,
            0.00831342094782955,
            0.008114297092791717,
            0.0002986857825567503
        ]
    },
    "product_id": {
        "scale": [
            "lyft",
            "lyft_line",
            "lyft_lux",
            "lyft_luxsuv",
            "lyft_plus",
            "lyft_premier"
        ],
        "distribution": [
            0.16577060931899643,
            0.16308243727598568,
            0.16502389486260455,
            0.16786140979689368,
            0.17030067702110713,
            0.16796097172441257
        ]
    },
    "destination": {
        "scale": [
            "Back Bay",
            "Beacon Hill",
            "Boston University",
            "Fenway",
            "Financial District",
            "Haymarket Square",
            "North End",
            "North Station",
            "Northeastern University",
            "South Station",
            "Theatre District",
            "West End"
        ],
        "distribution": [
            0.077,
            0.079,
            0.082,
            0.082,
            0.093,
            0.096,
            0.081,
            0.079,
            0.089,
            0.074,
            0.084,
            0.084
        ]
    },
    "name": {
        "scale": [
            "Lux",
            "Lux Black",
            "Lux Black XL",
            "Lyft",
            "Lyft XL",
            "Shared"
        ],
        "distribution": [
            0.16796097172441257,
            0.16502389486260455,
            0.16786140979689368,
            0.16577060931899643,
            0.17030067702110713,
            0.16308243727598568
        ]
    },
    "source": {
        "scale": [
            "Back Bay",
            "Beacon Hill",
            "Boston University",
            "Fenway",
            "Financial District",
            "Haymarket Square",
            "North End",
            "North Station",
            "Northeastern University",
            "South Station",
            "Theatre District",
            "West End"
        ],
        "distribution": [
            0.078,
            0.094,
            0.084,
            0.085,
            0.089,
            0.087,
            0.083,
            0.086,
            0.071,
            0.086,
            0.065,
            0.092
        ]
    },
    "Time Stamp_parsed_day": {
        "scale": [
            2.0,
            8.0,
            14.0,
            15.5,
            17.0,
            22.5,
            27.5,
            28.5,
            29.5,
            30.0
        ],
        "distribution": [
            0.1258462763839108,
            0.09050179211469533,
            0.12539824771007566,
            0.0602847471127041,
            0.13261648745519714,
            0.09289127837514935,
            0.11369972122660295,
            0.0967741935483871,
            0.09488251692552768,
            0.0671047391477499
        ]
    },
    "Time Stamp_parsed_month": {
        "scale": [
            11.0,
            12.0
        ],
        "distribution": [
            0.4164177618478694,
            0.5835822381521306
        ]
    }
}