{
    "startedAt": 1648984922480,
    "gridSize": 3,
    "nThreads": 4,
    "nSplits": 5,
    "metric": "R2",
    "timeout": null,
    "gridPoints": [
        {
            "finishedAt": 1648984926489,
            "score": 0.9350632581634164,
            "testScoreGibMean": 0.9350632581634164,
            "testScoreMean": 0.9350632581634164,
            "testScoreStd": 0.002016306717282563,
            "trainScoreMean": 0.9351001832293675,
            "trainScoreStd": 0.00043579051328215286,
            "time": 8936,
            "fitTimeMean": 1559.0,
            "fitTimeStd": 1152.9152614134312,
            "scoreTimeMean": 228.2,
            "scoreTimeStd": 201.54344444808913,
            "best_iteration": null,
            "parameters": {
                "alpha": 0.1
            }
        },
        {
            "finishedAt": 1648984927558,
            "score": 0.6115891882702211,
            "testScoreGibMean": 0.6115891882702211,
            "testScoreMean": 0.6115891882702211,
            "testScoreStd": 0.0034218925499803847,
            "trainScoreMean": 0.6116684360429481,
            "trainScoreStd": 0.00047182091884953435,
            "time": 9811,
            "fitTimeMean": 1878.8,
            "fitTimeStd": 1164.6036922489984,
            "scoreTimeMean": 83.4,
            "scoreTimeStd": 72.01555387553441,
            "best_iteration": null,
            "parameters": {
                "alpha": 3.0
            }
        },
        {
            "finishedAt": 1648984936371,
            "score": 0.8291117818014236,
            "testScoreGibMean": 0.8291117818014236,
            "testScoreMean": 0.8291117818014236,
            "testScoreStd": 0.0034379307915040733,
            "trainScoreMean": 0.8291704081307621,
            "trainScoreStd": 0.0004531682134665942,
            "time": 3658,
            "fitTimeMean": 676.2,
            "fitTimeStd": 337.7374127928382,
            "scoreTimeMean": 55.4,
            "scoreTimeStd": 96.3007788130501,
            "best_iteration": null,
            "parameters": {
                "alpha": 1.0
            }
        }
    ]
}