[
    {
        "test_score_gib": 0.9314900165292537,
        "train_score": 0.9358790182505249,
        "test_score": 0.9314900165292537,
        "num_samples": 15983,
        "fit_time": 1074,
        "score_time": 448,
        "time": 1522,
        "parameters": {
            "alpha": 0.1
        },
        "best_iteration": null,
        "done_at": 1648984924019,
        "split_id": 0
    },
    {
        "test_score_gib": 0.9352572339771331,
        "train_score": 0.9351070744238225,
        "test_score": 0.9352572339771331,
        "num_samples": 15983,
        "fit_time": 1514,
        "score_time": 11,
        "time": 1525,
        "parameters": {
            "alpha": 0.1
        },
        "best_iteration": null,
        "done_at": 1648984924035,
        "split_id": 1
    },
    {
        "test_score_gib": 0.9347161951004497,
        "train_score": 0.9350894040744125,
        "test_score": 0.9347161951004497,
        "num_samples": 15982,
        "fit_time": 642,
        "score_time": 493,
        "time": 1135,
        "parameters": {
            "alpha": 0.1
        },
        "best_iteration": null,
        "done_at": 1648984923656,
        "split_id": 2
    },
    {
        "test_score_gib": 0.9364482580925271,
        "train_score": 0.9348584510662324,
        "test_score": 0.9364482580925271,
        "num_samples": 15982,
        "fit_time": 3786,
        "score_time": 124,
        "time": 3910,
        "parameters": {
            "alpha": 0.1
        },
        "best_iteration": null,
        "done_at": 1648984926489,
        "split_id": 3
    },
    {
        "test_score_gib": 0.9374047985597044,
        "train_score": 0.9345669191686483,
        "test_score": 0.9374047985597044,
        "num_samples": 15982,
        "fit_time": 779,
        "score_time": 65,
        "time": 844,
        "parameters": {
            "alpha": 0.1
        },
        "best_iteration": null,
        "done_at": 1648984924552,
        "split_id": 4
    },
    {
        "test_score_gib": 0.6054595969279885,
        "train_score": 0.6124649684779495,
        "test_score": 0.6054595969279885,
        "num_samples": 15983,
        "fit_time": 2655,
        "score_time": 134,
        "time": 2789,
        "parameters": {
            "alpha": 3.0
        },
        "best_iteration": null,
        "done_at": 1648984926855,
        "split_id": 0
    },
    {
        "test_score_gib": 0.6134128287623897,
        "train_score": 0.6116114193764337,
        "test_score": 0.6134128287623897,
        "num_samples": 15983,
        "fit_time": 3181,
        "score_time": 8,
        "time": 3189,
        "parameters": {
            "alpha": 3.0
        },
        "best_iteration": null,
        "done_at": 1648984927276,
        "split_id": 1
    },
    {
        "test_score_gib": 0.6102658090131705,
        "train_score": 0.6117776685989474,
        "test_score": 0.6102658090131705,
        "num_samples": 15982,
        "fit_time": 2601,
        "score_time": 76,
        "time": 2677,
        "parameters": {
            "alpha": 3.0
        },
        "best_iteration": null,
        "done_at": 1648984927264,
        "split_id": 2
    },
    {
        "test_score_gib": 0.6142449806662027,
        "train_score": 0.6114711842362588,
        "test_score": 0.6142449806662027,
        "num_samples": 15982,
        "fit_time": 337,
        "score_time": 192,
        "time": 529,
        "parameters": {
            "alpha": 3.0
        },
        "best_iteration": null,
        "done_at": 1648984927103,
        "split_id": 3
    },
    {
        "test_score_gib": 0.614562995406386,
        "train_score": 0.6110168932533595,
        "test_score": 0.614562995406386,
        "num_samples": 15982,
        "fit_time": 620,
        "score_time": 7,
        "time": 627,
        "parameters": {
            "alpha": 3.0
        },
        "best_iteration": null,
        "done_at": 1648984927558,
        "split_id": 4
    },
    {
        "test_score_gib": 0.823006466804799,
        "train_score": 0.8299466833126004,
        "test_score": 0.823006466804799,
        "num_samples": 15983,
        "fit_time": 166,
        "score_time": 248,
        "time": 414,
        "parameters": {
            "alpha": 1.0
        },
        "best_iteration": null,
        "done_at": 1648984935674,
        "split_id": 0
    },
    {
        "test_score_gib": 0.8305814195755356,
        "train_score": 0.8291709090038253,
        "test_score": 0.8305814195755356,
        "num_samples": 15983,
        "fit_time": 932,
        "score_time": 8,
        "time": 940,
        "parameters": {
            "alpha": 1.0
        },
        "best_iteration": null,
        "done_at": 1648984936218,
        "split_id": 1
    },
    {
        "test_score_gib": 0.827791526126194,
        "train_score": 0.8292381727494544,
        "test_score": 0.827791526126194,
        "num_samples": 15982,
        "fit_time": 852,
        "score_time": 7,
        "time": 859,
        "parameters": {
            "alpha": 1.0
        },
        "best_iteration": null,
        "done_at": 1648984936186,
        "split_id": 2
    },
    {
        "test_score_gib": 0.8317900809249165,
        "train_score": 0.8289255031296994,
        "test_score": 0.8317900809249165,
        "num_samples": 15982,
        "fit_time": 1040,
        "score_time": 7,
        "time": 1047,
        "parameters": {
            "alpha": 1.0
        },
        "best_iteration": null,
        "done_at": 1648984936371,
        "split_id": 3
    },
    {
        "test_score_gib": 0.8323897056318132,
        "train_score": 0.828570723855049,
        "test_score": 0.8323897056318132,
        "num_samples": 15982,
        "fit_time": 391,
        "score_time": 7,
        "time": 398,
        "parameters": {
            "alpha": 1.0
        },
        "best_iteration": null,
        "done_at": 1648984936124,
        "split_id": 4
    }
]