{
    "modelInputNRows": 79912,
    "modelInputNCols": 41,
    "modelInputIsSparse": false,
    "modelInputMemory": 26211136,
    "usedGridSearch": true,
    "gridSize": 3,
    "gridBestScore": 0.9350632581634164,
    "gridCells": [
        {
            "params": {
                "alpha": 0.1
            },
            "score": 0.9350632581634164,
            "scoreStd": 0.002016306717282563,
            "fitTime": 1.559,
            "fitTimeStd": 1.1529152614134313,
            "scoreTime": 0.2282,
            "scoreTimeStd": 0.20154344444808914
        },
        {
            "params": {
                "alpha": 3.0
            },
            "score": 0.6115891882702211,
            "scoreStd": 0.0034218925499803847,
            "fitTime": 1.8788,
            "fitTimeStd": 1.1646036922489984,
            "scoreTime": 0.0834,
            "scoreTimeStd": 0.0720155538755344
        },
        {
            "params": {
                "alpha": 1.0
            },
            "score": 0.8291117818014236,
            "scoreStd": 0.0034379307915040733,
            "fitTime": 0.6762,
            "fitTimeStd": 0.3377374127928382,
            "scoreTime": 0.0554,
            "scoreTimeStd": 0.0963007788130501
        }
    ],
    "lmCoefficients": {
        "variables": [
            "distance",
            "Hour",
            "surge_multiplier",
            "Time Stamp_parsed_day",
            "Time Stamp_parsed_month",
            "dummy:product_id:lyft_premier",
            "dummy:product_id:lyft_lux",
            "dummy:product_id:lyft_line",
            "dummy:product_id:lyft",
            "dummy:product_id:lyft_luxsuv",
            "dummy:destination:Financial District",
            "dummy:destination:Fenway",
            "dummy:destination:North Station",
            "dummy:destination:Haymarket Square",
            "dummy:destination:Northeastern University",
            "dummy:destination:Beacon Hill",
            "dummy:destination:North End",
            "dummy:destination:Boston University",
            "dummy:destination:Back Bay",
            "dummy:destination:Theatre District",
            "dummy:destination:South Station",
            "dummy:name:Lux",
            "dummy:name:Lux Black",
            "dummy:name:Shared",
            "dummy:name:Lyft",
            "dummy:name:Lux Black XL",
            "dummy:source:Financial District",
            "dummy:source:South Station",
            "dummy:source:North End",
            "dummy:source:Boston University",
            "dummy:source:Beacon Hill",
            "dummy:source:Theatre District",
            "dummy:source:Back Bay",
            "dummy:source:Haymarket Square",
            "dummy:source:West End",
            "dummy:source:Fenway",
            "dummy:source:North Station"
        ],
        "coefs": [
            3.1485273515844523,
            0.00725710600913609,
            2.291913574356345,
            0.0067328242011102,
            0.009884365711733714,
            0.9768824799975766,
            3.516482034671811,
            -4.344230674321057,
            -2.9411170428148954,
            7.973195104221345,
            0.6152530054719765,
            -0.14775849204889555,
            0.20345016916109693,
            -0.22837072623731025,
            0.19405289551058408,
            -0.37111658267868497,
            -0.0495817330425445,
            0.054198408573392115,
            -0.045604828981979505,
            0.15090773323852755,
            -0.014098816366168986,
            0.9768824799975819,
            3.5164820346718044,
            -4.34423067432102,
            -2.941117042814943,
            7.973195104221369,
            0.2501651508123747,
            0.07189377958317086,
            0.19676733256798845,
            -0.09742964090630611,
            -0.5227324812549808,
            0.4290412308673383,
            -0.0759188580826949,
            -0.2375516942272447,
            -0.1009892838306682,
            0.1394540153253822,
            -0.1869212876901736
        ],
        "interceptCoef": 15.600097519796629,
        "interceptStderr": null,
        "interceptTstat": null,
        "interceptPvalue": null,
        "rescaledCoefs": [
            2.8943240278111744,
            0.0010444818190375423,
            16.74050127953705,
            0.0006736412320434131,
            0.020047195640100362,
            0.9768824799975766,
            3.516482034671811,
            -4.344230674321057,
            -2.9411170428148954,
            7.973195104221345,
            0.6152530054719765,
            -0.14775849204889555,
            0.20345016916109693,
            -0.22837072623731025,
            0.19405289551058408,
            -0.37111658267868497,
            -0.0495817330425445,
            0.054198408573392115,
            -0.045604828981979505,
            0.15090773323852755,
            -0.014098816366168986,
            0.9768824799975819,
            3.5164820346718044,
            -4.34423067432102,
            -2.941117042814943,
            7.973195104221369,
            0.2501651508123747,
            0.07189377958317086,
            0.19676733256798845,
            -0.09742964090630611,
            -0.5227324812549808,
            0.4290412308673383,
            -0.0759188580826949,
            -0.2375516942272447,
            -0.1009892838306682,
            0.1394540153253822,
            -0.1869212876901736
        ],
        "rescaledInterceptCoef": -8.249228170149602
    }
}