{
    "metrics": {
        "evs": 0.9358917028496877,
        "mape": 0.13927202587161933,
        "mae": 1.7786865057057275,
        "mse": 6.487058900503001,
        "rmse": 2.546970533889821,
        "rmsle": 0.18040497816706882,
        "r2": 0.9358896984625824,
        "pearson": 0.9687022739808584
    },
    "processed_feature_names": [
        "distance",
        "Hour",
        "surge_multiplier",
        "Time Stamp_parsed_day",
        "Time Stamp_parsed_month",
        "dummy:product_id:lyft_premier",
        "dummy:product_id:lyft_lux",
        "dummy:product_id:lyft_line",
        "dummy:product_id:lyft",
        "dummy:product_id:lyft_luxsuv",
        "dummy:product_id:N/A",
        "dummy:destination:Financial District",
        "dummy:destination:Fenway",
        "dummy:destination:North Station",
        "dummy:destination:Haymarket Square",
        "dummy:destination:Northeastern University",
        "dummy:destination:Beacon Hill",
        "dummy:destination:North End",
        "dummy:destination:Boston University",
        "dummy:destination:Back Bay",
        "dummy:destination:Theatre District",
        "dummy:destination:South Station",
        "dummy:destination:N/A",
        "dummy:name:Lux",
        "dummy:name:Lux Black",
        "dummy:name:Shared",
        "dummy:name:Lyft",
        "dummy:name:Lux Black XL",
        "dummy:name:N/A",
        "dummy:source:Financial District",
        "dummy:source:South Station",
        "dummy:source:North End",
        "dummy:source:Boston University",
        "dummy:source:Beacon Hill",
        "dummy:source:Theatre District",
        "dummy:source:Back Bay",
        "dummy:source:Haymarket Square",
        "dummy:source:West End",
        "dummy:source:Fenway",
        "dummy:source:North Station",
        "dummy:source:N/A"
    ],
    "regression_performance": {
        "error_distribution": [
            {
                "bin_id": 0,
                "bin_min": -4.808486086189966,
                "bin_max": -3.7751006101305724,
                "count": 687
            },
            {
                "bin_id": 1,
                "bin_min": -3.7751006101305724,
                "bin_max": -2.7519466734381037,
                "count": 960
            },
            {
                "bin_id": 2,
                "bin_min": -2.7519466734381037,
                "bin_max": -1.728792736745635,
                "count": 2370
            },
            {
                "bin_id": 3,
                "bin_min": -1.728792736745635,
                "bin_max": -0.7056388000531664,
                "count": 3786
            },
            {
                "bin_id": 4,
                "bin_min": -0.7056388000531664,
                "bin_max": 0.31751513663930186,
                "count": 3897
            },
            {
                "bin_id": 5,
                "bin_min": 0.31751513663930186,
                "bin_max": 1.340669073331771,
                "count": 3694
            },
            {
                "bin_id": 6,
                "bin_min": 1.340669073331771,
                "bin_max": 2.36382301002424,
                "count": 2160
            },
            {
                "bin_id": 7,
                "bin_min": 2.36382301002424,
                "bin_max": 3.3869769467167083,
                "count": 1204
            },
            {
                "bin_id": 8,
                "bin_min": 3.3869769467167083,
                "bin_max": 4.410130883409177,
                "count": 602
            },
            {
                "bin_id": 9,
                "bin_min": 4.410130883409177,
                "bin_max": 5.433284820101645,
                "count": 728
            }
        ],
        "raw_min_error": -17.668638997115057,
        "min_error": -4.798254546823041,
        "p25_error": -1.4083750044819237,
        "median_error": -0.1523733297646448,
        "average_error": -0.02178725328067913,
        "std_error": 2.1184453922367115,
        "p75_error": 1.234927600383104,
        "p90_error": 2.7378086076161146,
        "max_error": 5.433284820101645,
        "raw_max_error": 37.0811519039796
    },
    "scatterPlotData": {
        "x": [
            5.0,
            27.5,
            3.5,
            19.5,
            13.5,
            22.5,
            7.0,
            13.5,
            22.5,
            5.0,
            11.0,
            3.0,
            30.0,
            22.5,
            27.5,
            47.5,
            27.5,
            10.5,
            5.0,
            13.5,
            22.5,
            10.5,
            27.5,
            10.5,
            7.0,
            16.5,
            26.0,
            7.0,
            38.5,
            16.5,
            10.5,
            27.5,
            27.5,
            19.5,
            7.0,
            11.0,
            30.0,
            34.0,
            13.5,
            22.5,
            16.5,
            13.5,
            38.5,
            10.5,
            27.5,
            26.0,
            7.0,
            16.5,
            10.5,
            9.0,
            32.5,
            22.5,
            32.5,
            32.5,
            27.5,
            19.5,
            22.5,
            57.5,
            16.5,
            10.5,
            16.5,
            26.0,
            13.5,
            5.0,
            22.5,
            34.0,
            13.5,
            16.5,
            3.0,
            16.5,
            10.5,
            9.0,
            11.0,
            16.5,
            9.0,
            19.5,
            16.5,
            5.0,
            11.0,
            7.0,
            32.5,
            27.5,
            9.0,
            13.5,
            16.5,
            67.5,
            16.5,
            13.5,
            9.0,
            32.5,
            32.5,
            7.0,
            13.5,
            13.5,
            10.5,
            27.5,
            7.0,
            22.5,
            16.5,
            26.0,
            26.0,
            7.0,
            22.5,
            52.5,
            7.0,
            62.5,
            10.5,
            7.0,
            32.5,
            9.0,
            27.5,
            16.5,
            16.5,
            32.5,
            7.0,
            32.5,
            16.5,
            27.5,
            22.5,
            22.5,
            16.5,
            32.5,
            3.5,
            19.5,
            13.5,
            42.5,
            11.0,
            7.0,
            34.0,
            11.0,
            13.5,
            16.5,
            13.5,
            27.5,
            38.5,
            26.0,
            7.0,
            34.0,
            13.5,
            22.5,
            34.0,
            16.5,
            19.5,
            30.0,
            9.0,
            9.0,
            5.0,
            11.0,
            7.0,
            11.0,
            9.0,
            3.5,
            22.5,
            7.0,
            26.0,
            7.0,
            27.5,
            26.0,
            22.5,
            10.5,
            11.0,
            7.0,
            7.0,
            32.5,
            22.5,
            16.5,
            9.0,
            13.5,
            10.5,
            9.0,
            13.5,
            22.5,
            16.5,
            27.5,
            9.0,
            9.0,
            16.5,
            3.5,
            3.5,
            32.5,
            16.5,
            22.5,
            7.0,
            16.5,
            16.5,
            10.5,
            30.0,
            7.0,
            34.0,
            27.5,
            16.5,
            13.5,
            13.5,
            11.0,
            7.0,
            16.5,
            11.0,
            16.5,
            3.0,
            5.0,
            16.5,
            47.5,
            16.5,
            30.0,
            10.5,
            10.5,
            27.5,
            7.0,
            16.5,
            13.5,
            11.0,
            26.0,
            13.5,
            26.0,
            7.0,
            13.5,
            38.5,
            16.5,
            5.0,
            30.0,
            22.5,
            16.5,
            30.0,
            7.0,
            30.0,
            19.5,
            10.5,
            22.5,
            13.5,
            22.5,
            16.5,
            38.5,
            3.5,
            5.0,
            9.0,
            19.5,
            16.5,
            11.0,
            9.0,
            10.5,
            11.0,
            9.0,
            38.5,
            26.0,
            22.5,
            16.5,
            11.0,
            16.5,
            16.5,
            16.5,
            22.5,
            10.5,
            34.0,
            7.0,
            16.5,
            16.5,
            19.5,
            7.0,
            13.5,
            32.5,
            7.0,
            27.5,
            13.5,
            9.0,
            11.0,
            16.5,
            27.5,
            22.5,
            16.5,
            7.0,
            26.0,
            9.0,
            16.5,
            13.5,
            19.5,
            27.5,
            7.0,
            19.5,
            22.5,
            5.0,
            7.0,
            16.5,
            16.5,
            16.5,
            30.0,
            10.5,
            16.5,
            26.0,
            7.0,
            11.0,
            32.5,
            11.0,
            16.5,
            32.5,
            3.5,
            32.5,
            22.5,
            22.5,
            38.5,
            27.5,
            5.0,
            13.5,
            27.5,
            11.0,
            26.0,
            3.0,
            16.5,
            13.5,
            7.0,
            10.5,
            13.5,
            27.5,
            27.5,
            16.5,
            16.5,
            9.0,
            10.5,
            13.5,
            27.5,
            3.0,
            38.5,
            16.5,
            7.0,
            11.0,
            30.0,
            16.5,
            13.5,
            27.5,
            27.5,
            3.5,
            16.5,
            9.0,
            5.0,
            32.5,
            7.0,
            5.0,
            32.5,
            13.5,
            27.5,
            16.5,
            16.5,
            16.5,
            7.0,
            13.5,
            19.5,
            16.5,
            7.0,
            19.5,
            19.5,
            7.0,
            5.0,
            27.5,
            16.5,
            32.5,
            32.5,
            10.5,
            13.5,
            42.5,
            11.0,
            22.5,
            16.5,
            26.0,
            5.0,
            19.5,
            7.0,
            22.5,
            7.0,
            16.5,
            16.5,
            13.5,
            10.5,
            9.0,
            27.5,
            9.0,
            11.0,
            38.0,
            9.0,
            45.5,
            3.0,
            13.5,
            26.0,
            16.5,
            5.0,
            5.0,
            7.0,
            11.0,
            19.5,
            13.5,
            16.5,
            22.5,
            38.5,
            27.5,
            22.5,
            27.5,
            34.0,
            7.0,
            9.0,
            16.5,
            16.5,
            38.0,
            22.5,
            22.5,
            3.5,
            34.0,
            16.5,
            13.5,
            16.5,
            13.5,
            27.5,
            22.5,
            3.5,
            26.0,
            22.5,
            3.5,
            7.0,
            16.5,
            3.0,
            22.5,
            13.5,
            13.5,
            27.5,
            9.0,
            16.5,
            19.5,
            38.0,
            16.5,
            13.5,
            30.0,
            5.0,
            13.5,
            5.0,
            38.5,
            27.5,
            38.0,
            7.0,
            38.5,
            26.0,
            19.5,
            5.0,
            7.0,
            30.0,
            13.5,
            7.0,
            7.0,
            26.0,
            38.0,
            16.5,
            5.0,
            7.0,
            16.5,
            7.0,
            26.0,
            9.0,
            30.0,
            5.0,
            3.5,
            11.0,
            22.5,
            5.0,
            7.0,
            13.5,
            22.5,
            27.5,
            16.5,
            26.0,
            10.5,
            26.0,
            22.5,
            9.0,
            27.5,
            19.5,
            13.5,
            13.5,
            7.0,
            22.5,
            22.5,
            16.5,
            22.5,
            10.5,
            13.5,
            5.0,
            9.0,
            16.5,
            30.0,
            26.0,
            27.5,
            19.5,
            3.0,
            13.5,
            7.0,
            42.5,
            7.0,
            27.5,
            26.0,
            89.0,
            9.0,
            38.5,
            16.5,
            38.0,
            16.5,
            32.5,
            32.5,
            13.5,
            10.5,
            27.5,
            19.5,
            30.0,
            34.0,
            16.5,
            32.5,
            27.5,
            10.5,
            19.5,
            9.0,
            9.0,
            16.5,
            11.0,
            7.0,
            5.0,
            27.5,
            7.0,
            13.5,
            5.0,
            32.5,
            13.5,
            22.5,
            16.5,
            27.5,
            7.0,
            26.0,
            7.0,
            16.5,
            13.5,
            22.5,
            27.5,
            27.5,
            22.5,
            42.5,
            13.5,
            22.5,
            16.5,
            19.5,
            9.0,
            34.0,
            7.0,
            7.0,
            3.5,
            16.5,
            13.5,
            16.5,
            13.5,
            10.5,
            27.5,
            7.0,
            9.0,
            9.0,
            27.5,
            16.5,
            16.5,
            38.0,
            13.5,
            38.5,
            11.0,
            19.5,
            11.0,
            11.0,
            38.0,
            26.0,
            34.0,
            3.0,
            32.5,
            38.5,
            7.0,
            32.5,
            19.5,
            9.0,
            16.5,
            7.0,
            26.0,
            16.5,
            9.0,
            16.5,
            7.0,
            7.0,
            7.0,
            13.5,
            10.5,
            32.5,
            5.0,
            16.5,
            10.5,
            7.0,
            27.5,
            10.5,
            13.5,
            9.0,
            16.5,
            27.5,
            16.5,
            9.0,
            27.5,
            11.0,
            3.0,
            38.5,
            38.5,
            26.0,
            10.5,
            26.0,
            38.5,
            5.0,
            7.0,
            42.5,
            19.5,
            26.0,
            19.5,
            7.0,
            13.5,
            13.5,
            30.0,
            30.0,
            26.0,
            16.5,
            3.5,
            7.0,
            30.0,
            7.0,
            11.0,
            22.5,
            16.5,
            30.0,
            5.0,
            5.0,
            13.5,
            16.5,
            38.5,
            10.5,
            19.5,
            19.5,
            38.5,
            22.5,
            7.0,
            5.0,
            7.0,
            13.5,
            11.0,
            19.5,
            26.0,
            9.0,
            26.0,
            30.0,
            3.0,
            13.5,
            19.5,
            27.5,
            5.0,
            16.5,
            27.5,
            13.5,
            7.0,
            11.0,
            26.0,
            7.0,
            13.5,
            16.5,
            27.5,
            32.5,
            9.0,
            7.0,
            34.0,
            16.5,
            7.0,
            7.0,
            11.0,
            7.0,
            9.0,
            13.5,
            7.0,
            16.5,
            11.0,
            16.5,
            7.0,
            22.5,
            26.0,
            7.0,
            26.0,
            11.0,
            26.0,
            27.5,
            45.5,
            7.0,
            34.0,
            9.0,
            10.5,
            27.5,
            7.0,
            13.5,
            7.0,
            7.0,
            3.0,
            3.0,
            19.5,
            16.5,
            13.5,
            16.5,
            13.5,
            13.5,
            7.0,
            38.5,
            34.0,
            26.0,
            3.0,
            3.0,
            26.0,
            27.5,
            13.5,
            16.5,
            7.0,
            3.5,
            10.5,
            3.5,
            10.5,
            16.5,
            10.5,
            5.0,
            7.0,
            16.5,
            9.0,
            5.0,
            10.5,
            13.5,
            13.5,
            22.5,
            22.5,
            7.0,
            22.5,
            13.5,
            10.5,
            26.0,
            30.0,
            5.0,
            38.0,
            7.0,
            7.0,
            38.5,
            16.5,
            32.5,
            22.5,
            7.0,
            22.5,
            5.0,
            16.5,
            11.0,
            3.0,
            38.0,
            19.5,
            10.5,
            11.0,
            7.0,
            10.5,
            19.5,
            7.0,
            52.5,
            22.5,
            5.0,
            13.5,
            13.5,
            38.0,
            16.5,
            5.0,
            22.5,
            19.5,
            32.5,
            9.0,
            27.5,
            9.0,
            7.0,
            11.0,
            9.0,
            19.5,
            7.0,
            9.0,
            3.5,
            7.0,
            38.5,
            10.5,
            5.0,
            7.0,
            26.0,
            22.5,
            10.5,
            5.0,
            22.5,
            27.5,
            19.5,
            30.0,
            7.0,
            13.5,
            38.0,
            19.5,
            22.5,
            10.5,
            34.0,
            16.5,
            16.5,
            16.5,
            34.0,
            16.5,
            10.5,
            9.0,
            10.5,
            26.0,
            22.5,
            32.5,
            22.5,
            16.5,
            9.0,
            16.5,
            11.0,
            7.0,
            19.5,
            42.5,
            7.0,
            7.0,
            30.0,
            27.5,
            19.5,
            16.5,
            7.0,
            7.0,
            30.0,
            3.0,
            19.5,
            7.0,
            26.0,
            7.0,
            7.0,
            13.5,
            3.0,
            10.5,
            13.5,
            27.5,
            7.0,
            5.0,
            7.0,
            19.5,
            26.0,
            27.5,
            9.0,
            16.5,
            26.0,
            19.5,
            13.5,
            13.5,
            16.5,
            16.5,
            22.5,
            27.5,
            3.5,
            45.5,
            16.5,
            13.5,
            13.5,
            26.0,
            10.5,
            16.5,
            27.5,
            16.5,
            38.5,
            13.5,
            22.5,
            7.0,
            27.5,
            32.5,
            10.5,
            10.5,
            26.0,
            11.0,
            13.5,
            16.5,
            13.5,
            9.0,
            3.5,
            19.5,
            27.5,
            26.0,
            16.5,
            10.5,
            34.0,
            13.5,
            34.0,
            22.5,
            13.5,
            7.0,
            22.5,
            27.5,
            7.0,
            13.5,
            13.5,
            34.0,
            30.0,
            7.0,
            10.5,
            5.0,
            13.5,
            27.5,
            22.5,
            38.0,
            22.5,
            57.5,
            5.0,
            42.5,
            22.5,
            10.5,
            38.0,
            45.5,
            7.0,
            9.0,
            34.0,
            27.5,
            13.5,
            30.0,
            3.5,
            7.0,
            13.5,
            30.0,
            27.5,
            16.5,
            11.0,
            16.5,
            5.0,
            7.0,
            3.0,
            26.0,
            7.0,
            10.5,
            30.0,
            16.5,
            13.5,
            22.5,
            13.5,
            7.0,
            10.5,
            9.0,
            7.0,
            9.0,
            19.5,
            3.0,
            3.0,
            9.0,
            22.5,
            22.5,
            13.5,
            34.0,
            22.5,
            26.0,
            7.0,
            13.5,
            26.0,
            27.5,
            13.5,
            13.5,
            10.5,
            34.0,
            22.5,
            22.5,
            11.0,
            22.5,
            9.0,
            22.5,
            16.5,
            13.5,
            13.5,
            13.5,
            26.0,
            7.0,
            10.5,
            7.0,
            30.0,
            22.5,
            7.0,
            11.0,
            5.0,
            3.0,
            16.5,
            30.0,
            13.5,
            19.5,
            16.5,
            26.0,
            5.0,
            3.0,
            16.5,
            11.0,
            38.0,
            9.0,
            19.5,
            7.0,
            32.5,
            27.5,
            16.5
        ],
        "y": [
            3.6278,
            28.8516,
            2.2573,
            19.4956,
            11.8586,
            22.7274,
            6.6099,
            13.5655,
            23.3023,
            8.5447,
            13.0575,
            2.2762,
            31.8329,
            22.0997,
            28.484,
            41.8228,
            27.6857,
            9.5672,
            5.3329,
            12.3216,
            22.6467,
            9.206,
            25.5752,
            13.0719,
            8.5566,
            16.2029,
            24.5368,
            4.8283,
            36.0933,
            20.1269,
            12.6186,
            25.3231,
            24.1092,
            17.0813,
            8.1695,
            12.494,
            31.3112,
            33.5441,
            14.4499,
            21.6289,
            18.8956,
            13.7797,
            32.0618,
            12.5115,
            28.0446,
            28.3943,
            4.515,
            17.0472,
            8.7982,
            8.2284,
            33.355,
            21.9271,
            28.7011,
            30.3176,
            24.4667,
            21.5218,
            22.0359,
            46.8146,
            16.5735,
            12.161,
            17.1286,
            26.8858,
            12.5972,
            2.9736,
            22.8159,
            31.7467,
            13.1364,
            19.9505,
            3.0259,
            16.9779,
            9.6493,
            7.0334,
            12.9321,
            14.6676,
            10.2392,
            18.3944,
            16.0046,
            3.4455,
            13.5019,
            6.1439,
            32.9457,
            28.6028,
            9.7503,
            13.6096,
            13.4237,
            50.5442,
            18.2144,
            14.2581,
            6.3643,
            30.5911,
            31.2401,
            8.2763,
            13.9021,
            12.3652,
            11.9083,
            25.1325,
            6.5332,
            24.278,
            18.6871,
            26.1791,
            23.4314,
            12.4171,
            21.8921,
            45.8738,
            9.9842,
            48.2572,
            9.5287,
            6.6691,
            29.707,
            11.1265,
            22.8738,
            15.7774,
            18.9673,
            33.012,
            6.6667,
            32.9505,
            16.4024,
            27.1433,
            22.6284,
            20.3276,
            15.3823,
            32.9057,
            8.2485,
            20.3001,
            13.8535,
            37.8835,
            11.6835,
            6.2231,
            33.0243,
            12.7868,
            17.1771,
            17.3697,
            12.5407,
            23.9809,
            34.899,
            28.2649,
            9.6096,
            29.6268,
            14.6234,
            18.1432,
            33.6664,
            17.2872,
            20.2593,
            31.7691,
            10.8674,
            9.7073,
            5.2688,
            11.6947,
            13.9742,
            10.6836,
            10.5795,
            8.4578,
            18.9834,
            5.3266,
            27.2709,
            5.0195,
            26.2262,
            26.1072,
            22.013,
            12.19,
            10.4202,
            8.4371,
            6.0603,
            31.7064,
            20.3444,
            17.8149,
            10.2559,
            15.6603,
            11.1231,
            12.0997,
            13.3649,
            21.2281,
            17.0105,
            27.8898,
            9.4723,
            9.1668,
            17.635,
            2.4108,
            3.4177,
            32.9319,
            17.654,
            21.8504,
            7.4118,
            17.4619,
            17.4082,
            12.9609,
            30.831,
            8.3554,
            33.0005,
            28.3918,
            18.6776,
            14.5785,
            13.5759,
            10.4284,
            6.327,
            18.3404,
            9.8992,
            17.2663,
            2.2283,
            3.8994,
            16.9303,
            39.195,
            15.5728,
            29.7925,
            13.6847,
            12.2707,
            26.2852,
            5.4924,
            16.7811,
            13.9475,
            11.2259,
            27.6151,
            12.4505,
            23.217,
            4.2794,
            12.9843,
            35.2804,
            18.3319,
            3.4508,
            30.1592,
            22.805,
            15.8856,
            31.5592,
            6.1104,
            31.8348,
            21.7282,
            12.9035,
            21.45,
            13.322,
            22.029,
            18.7801,
            34.1011,
            3.971,
            4.8695,
            8.4218,
            16.1135,
            14.5316,
            9.3794,
            9.8379,
            10.9285,
            12.129,
            9.3176,
            38.3763,
            27.5423,
            26.9504,
            15.3677,
            11.1617,
            17.5307,
            17.6538,
            15.9927,
            24.4883,
            8.7806,
            33.2917,
            5.4896,
            16.2835,
            16.7166,
            19.0198,
            6.396,
            15.0408,
            33.4429,
            8.101,
            23.6885,
            16.987,
            9.3614,
            12.4175,
            19.997,
            24.3202,
            20.7622,
            18.6538,
            5.1173,
            22.4338,
            11.7264,
            18.7864,
            12.4944,
            21.0293,
            24.1346,
            4.4687,
            18.2548,
            19.4124,
            1.7167,
            6.7171,
            18.246,
            19.3378,
            19.0834,
            31.7007,
            12.5229,
            18.5118,
            23.8239,
            6.1951,
            13.7094,
            30.0564,
            12.3794,
            19.5341,
            28.6972,
            3.3022,
            27.3887,
            26.0059,
            21.3997,
            33.9748,
            28.3666,
            6.2306,
            14.8901,
            25.8289,
            9.9975,
            25.2148,
            3.5467,
            17.3049,
            14.41,
            6.6997,
            8.2411,
            14.7294,
            24.6975,
            28.7336,
            17.6856,
            19.7732,
            8.3902,
            12.5683,
            14.955,
            25.4322,
            3.432,
            33.1666,
            17.5548,
            5.8976,
            13.13,
            29.9047,
            13.4725,
            12.5207,
            24.4918,
            31.0918,
            1.9457,
            18.3511,
            12.8775,
            3.5254,
            29.9999,
            7.7865,
            3.3233,
            34.339,
            13.9601,
            27.6031,
            17.3923,
            15.6264,
            17.4324,
            6.4172,
            11.863,
            21.1714,
            16.5787,
            6.0876,
            18.0893,
            20.731,
            6.6538,
            6.7935,
            28.9691,
            18.9329,
            34.1403,
            28.1989,
            9.538,
            15.0077,
            38.8926,
            11.7377,
            21.0908,
            17.1961,
            24.8488,
            2.1767,
            19.5084,
            6.3178,
            21.0388,
            6.5334,
            19.4585,
            17.3507,
            15.1835,
            12.3863,
            10.2136,
            24.3945,
            10.1022,
            12.9218,
            34.3781,
            8.2442,
            33.9057,
            3.3153,
            14.918,
            30.7145,
            19.6653,
            2.2991,
            2.9911,
            4.67,
            14.0317,
            17.7046,
            14.2239,
            16.9112,
            18.8626,
            34.3059,
            25.1777,
            22.735,
            26.5451,
            28.3771,
            6.624,
            6.6619,
            17.4913,
            15.1279,
            35.5861,
            22.4442,
            21.7814,
            8.392,
            29.9949,
            17.437,
            16.2961,
            14.1602,
            20.9435,
            31.1013,
            20.5994,
            2.3882,
            25.3925,
            23.076,
            12.263,
            6.7905,
            16.5188,
            1.6279,
            23.3953,
            17.887,
            12.5234,
            26.9042,
            8.2551,
            15.1938,
            20.8343,
            34.2827,
            16.9272,
            11.9115,
            31.6471,
            1.5913,
            15.1264,
            3.7081,
            34.1282,
            26.3227,
            33.952,
            6.5388,
            34.1201,
            29.0875,
            25.1281,
            2.6899,
            3.2289,
            30.0759,
            14.623,
            9.7384,
            5.9085,
            24.5469,
            36.9988,
            18.7383,
            2.9762,
            4.4528,
            18.7871,
            6.9914,
            28.1395,
            12.4051,
            29.6701,
            1.6359,
            9.3907,
            12.5157,
            20.1278,
            4.0437,
            4.8159,
            12.4371,
            20.6213,
            28.016,
            18.3847,
            26.2567,
            11.6119,
            23.8224,
            24.2628,
            7.6719,
            24.0156,
            19.5326,
            15.5382,
            17.3481,
            9.4565,
            22.457,
            20.1721,
            17.3818,
            24.6806,
            12.5333,
            17.1757,
            3.7309,
            10.5872,
            15.6889,
            30.0211,
            27.9175,
            28.6321,
            17.353,
            10.1991,
            14.3078,
            6.6781,
            37.9701,
            8.8341,
            27.6432,
            27.9358,
            51.9188,
            10.5492,
            33.6175,
            17.5797,
            37.4223,
            16.4828,
            32.7491,
            33.4557,
            14.4889,
            8.7344,
            30.2235,
            20.1515,
            25.167,
            31.3922,
            14.8776,
            26.5007,
            26.0055,
            11.8313,
            18.4051,
            7.2635,
            10.9333,
            15.4916,
            12.5781,
            4.5198,
            3.7283,
            29.0845,
            2.1885,
            12.2338,
            2.8835,
            29.0949,
            13.1655,
            20.778,
            16.9286,
            27.8645,
            4.9148,
            28.9501,
            8.9025,
            17.7873,
            14.3185,
            23.0088,
            22.7436,
            26.3267,
            21.7269,
            38.4163,
            14.732,
            20.3065,
            16.3899,
            18.9486,
            6.6161,
            27.1119,
            4.4815,
            6.0066,
            1.9073,
            17.4043,
            13.8059,
            16.2518,
            15.895,
            10.9471,
            28.5378,
            9.5972,
            10.1396,
            10.5301,
            25.9247,
            18.1511,
            16.8991,
            34.3772,
            17.1684,
            34.824,
            11.5249,
            26.7493,
            11.6515,
            13.0903,
            34.0645,
            23.7972,
            33.3811,
            1.6136,
            32.8946,
            34.7605,
            6.7836,
            29.6152,
            20.5837,
            5.4388,
            15.4459,
            8.0971,
            28.9204,
            16.8206,
            10.6181,
            19.4157,
            6.4367,
            8.6502,
            4.7354,
            15.0207,
            10.2699,
            29.5821,
            3.8596,
            16.6348,
            12.4331,
            9.5826,
            26.3141,
            11.2514,
            14.1159,
            8.1076,
            16.9741,
            23.7917,
            15.5071,
            8.2805,
            29.703,
            12.302,
            5.4204,
            33.5698,
            37.5479,
            26.2501,
            11.7188,
            28.949,
            33.2205,
            1.7516,
            5.0046,
            38.8745,
            19.476,
            27.4461,
            19.9587,
            8.3963,
            14.2266,
            23.7823,
            30.9101,
            30.9464,
            28.9952,
            16.247,
            3.5963,
            5.697,
            24.3014,
            6.7037,
            12.3369,
            19.5124,
            17.3242,
            29.8745,
            6.8188,
            13.7027,
            17.6432,
            15.7844,
            33.505,
            11.1307,
            20.0426,
            18.0385,
            35.8245,
            21.7862,
            3.395,
            1.7445,
            6.9352,
            14.1093,
            11.4553,
            18.1711,
            28.1436,
            6.6802,
            26.9635,
            30.5775,
            1.7126,
            15.1988,
            25.2313,
            24.5465,
            4.2163,
            18.7279,
            24.7563,
            14.6795,
            2.3203,
            12.1218,
            29.3029,
            6.8649,
            14.9091,
            18.6426,
            26.6915,
            31.5187,
            9.6179,
            6.1019,
            35.0157,
            14.526,
            6.926,
            5.5353,
            12.1229,
            8.8049,
            7.643,
            14.9161,
            8.2314,
            19.0508,
            12.3194,
            17.6118,
            5.8378,
            21.1611,
            23.2732,
            9.4305,
            24.3739,
            13.8733,
            28.735,
            31.4997,
            38.9879,
            9.7961,
            33.6294,
            13.409,
            11.8688,
            28.1907,
            7.2492,
            13.3537,
            3.796,
            6.6188,
            3.6151,
            7.3356,
            20.2728,
            18.7115,
            18.3487,
            19.0671,
            13.8985,
            17.9791,
            7.4318,
            35.8317,
            33.6562,
            29.8305,
            6.8619,
            8.6107,
            27.1463,
            31.8064,
            13.529,
            15.7839,
            9.0462,
            3.3455,
            12.2444,
            1.7862,
            13.4551,
            16.9909,
            10.0359,
            9.7948,
            6.1954,
            19.5004,
            8.533,
            2.2094,
            11.4971,
            15.2635,
            15.8229,
            21.2655,
            24.0653,
            8.4912,
            20.2993,
            13.851,
            12.214,
            30.2693,
            26.4701,
            1.5302,
            31.7851,
            5.5697,
            6.9624,
            34.0491,
            19.2018,
            32.8362,
            19.7539,
            8.4768,
            20.892,
            3.0521,
            17.0116,
            13.1493,
            2.7528,
            37.2351,
            20.0504,
            12.2576,
            12.3323,
            9.0093,
            8.6425,
            21.1476,
            9.6323,
            42.4944,
            23.4275,
            13.0468,
            18.725,
            12.5961,
            34.9631,
            17.4611,
            2.4538,
            22.1336,
            20.0398,
            31.5475,
            10.2376,
            24.0515,
            9.5568,
            6.4403,
            11.9579,
            10.3104,
            22.858,
            8.9807,
            9.6186,
            3.2878,
            6.4734,
            32.1955,
            15.518,
            2.3336,
            8.9958,
            27.9788,
            23.2977,
            12.3237,
            4.0029,
            20.3677,
            24.7596,
            19.295,
            25.3886,
            5.1046,
            12.5646,
            33.3853,
            20.5599,
            19.8325,
            8.2584,
            33.7393,
            19.3357,
            14.9537,
            17.1938,
            28.9672,
            15.4375,
            6.5814,
            9.7131,
            12.6029,
            30.7544,
            24.1003,
            34.1847,
            19.6923,
            19.3521,
            9.4166,
            16.7664,
            12.3123,
            5.9473,
            18.0158,
            38.855,
            6.0616,
            6.4687,
            30.8252,
            22.6883,
            21.812,
            15.6969,
            5.2684,
            4.5113,
            30.1358,
            6.5916,
            20.3628,
            5.9365,
            24.3551,
            8.1071,
            6.0186,
            15.3213,
            4.8674,
            12.2191,
            9.5357,
            26.7907,
            5.7748,
            4.172,
            5.0166,
            20.6031,
            28.2798,
            26.3608,
            9.252,
            17.1398,
            23.9956,
            19.004,
            13.1493,
            13.5269,
            16.1893,
            19.19,
            23.8769,
            28.1305,
            4.7844,
            38.9782,
            14.7393,
            14.0766,
            15.1833,
            24.8337,
            12.3888,
            17.2694,
            26.2289,
            18.9316,
            36.9203,
            16.9495,
            24.5784,
            15.9766,
            31.5833,
            33.4752,
            8.0599,
            14.3649,
            29.8592,
            11.4337,
            13.9439,
            16.1525,
            13.5919,
            10.8805,
            1.5669,
            18.3157,
            27.5492,
            25.4465,
            15.6921,
            12.2578,
            33.56,
            15.0065,
            28.843,
            19.2339,
            14.6919,
            4.563,
            22.0231,
            31.5128,
            8.5961,
            14.139,
            13.6698,
            31.4203,
            31.432,
            8.8562,
            12.2706,
            3.4971,
            14.4682,
            26.9584,
            20.3677,
            34.8358,
            20.6046,
            42.8676,
            3.2282,
            37.8124,
            22.2083,
            9.1289,
            34.9839,
            40.3253,
            2.3538,
            10.2686,
            34.0235,
            29.9068,
            14.7939,
            31.4266,
            7.4598,
            5.7974,
            13.6222,
            25.8638,
            29.2405,
            17.2066,
            12.8677,
            19.3166,
            3.2672,
            6.4524,
            3.2308,
            25.3983,
            3.14,
            8.7156,
            30.7378,
            17.6817,
            13.9303,
            24.1267,
            12.872,
            6.5706,
            11.4927,
            12.4029,
            6.1974,
            8.3567,
            19.5112,
            8.8956,
            3.726,
            7.427,
            23.2005,
            20.1236,
            12.4993,
            33.529,
            20.1856,
            25.3536,
            6.1165,
            12.5707,
            26.346,
            26.1716,
            15.8589,
            14.8139,
            10.8672,
            32.9836,
            18.9788,
            23.537,
            12.3827,
            20.7532,
            9.598,
            23.5658,
            17.54,
            14.2548,
            14.9869,
            14.0597,
            26.1944,
            4.5376,
            9.7695,
            3.8062,
            28.8417,
            23.9594,
            6.2477,
            13.7411,
            2.4625,
            9.6871,
            23.5614,
            31.9754,
            15.2976,
            21.2106,
            13.549,
            28.7719,
            9.1412,
            3.668,
            16.9446,
            12.2092,
            36.8735,
            9.0023,
            18.6657,
            5.6904,
            30.9405,
            27.7113,
            18.4367
        ]
    },
    "globalMetrics": {
        "testWeight": 20088,
        "targetAvg": [
            17.439974113898842
        ],
        "targetStd": [
            10.05937088930713
        ],
        "predictionAvg": [
            17.425732775344102
        ],
        "predictionStd": [
            9.24210268474374
        ]
    },
    "predictionPDF": {
        "x": [
            1.2275825605293385,
            1.763317524350641,
            2.2990524881719434,
            2.834787451993246,
            3.3705224158145484,
            3.906257379635851,
            4.441992343457153,
            4.977727307278456,
            5.513462271099758,
            6.049197234921061,
            6.584932198742363,
            7.120667162563666,
            7.656402126384968,
            8.19213709020627,
            8.727872054027573,
            9.263607017848877,
            9.799341981670178,
            10.33507694549148,
            10.870811909312783,
            11.406546873134086,
            11.942281836955388,
            12.47801680077669,
            13.013751764597993,
            13.549486728419296,
            14.085221692240598,
            14.6209566560619,
            15.156691619883203,
            15.692426583704506,
            16.228161547525808,
            16.76389651134711,
            17.299631475168415,
            17.835366438989716,
            18.371101402811018,
            18.90683636663232,
            19.44257133045362,
            19.978306294274926,
            20.514041258096228,
            21.04977622191753,
            21.585511185738834,
            22.121246149560136,
            22.656981113381438,
            23.19271607720274,
            23.72845104102404,
            24.264186004845346,
            24.799920968666648,
            25.33565593248795,
            25.871390896309254,
            26.407125860130556,
            26.942860823951857,
            27.47859578777316,
            28.01433075159446,
            28.550065715415766,
            29.085800679237067,
            29.62153564305837,
            30.157270606879674,
            30.693005570700976,
            31.228740534522277,
            31.76447549834358,
            32.300210462164884,
            32.83594542598618,
            33.371680389807494,
            33.90741535362879,
            34.44315031745009,
            34.97888528127139,
            35.5146202450927,
            36.050355208914,
            36.5860901727353,
            37.12182513655661,
            37.65756010037791,
            38.193295064199205,
            38.72903002802052,
            39.264764991841815,
            39.80049995566311,
            40.336234919484426,
            40.871969883305724,
            41.40770484712702,
            41.943439810948334,
            42.47917477476963,
            43.01490973859093,
            43.55064470241223,
            44.08637966623354,
            44.62211463005484,
            45.157849593876136,
            45.69358455769745,
            46.22931952151875,
            46.765054485340045,
            47.30078944916136,
            47.836524412982655,
            48.37225937680395,
            48.907994340625265,
            49.44372930444656,
            49.97946426826786,
            50.515199232089174,
            51.05093419591047,
            51.58666915973177,
            52.12240412355307,
            52.65813908737438,
            53.19387405119568,
            53.729609015016976,
            54.26534397883829
        ],
        "pdf": [
            0.007103931482901496,
            0.010383169290726694,
            0.014017908012369719,
            0.017712522895065693,
            0.021181896473581444,
            0.024254030245063785,
            0.026941338914077913,
            0.029354033762134284,
            0.03147919118756084,
            0.03307563804150515,
            0.033876251946515695,
            0.03391344012453703,
            0.03356998337351255,
            0.03326184023012671,
            0.03312453913779131,
            0.03307519333747102,
            0.03314942543502613,
            0.03367088452739517,
            0.03500406048128729,
            0.03712723000699913,
            0.03949354838130863,
            0.041361375577244376,
            0.04228037889727974,
            0.042286578801145155,
            0.04172405109257695,
            0.040987623170133734,
            0.04042609945389865,
            0.040334534508794644,
            0.04086243796167957,
            0.04186980968279713,
            0.04292920003295782,
            0.04352785335300014,
            0.04327704449190086,
            0.041971402481415426,
            0.03958905149473353,
            0.03635616225479073,
            0.03277554066478699,
            0.02945713679544856,
            0.026832144248821056,
            0.025007834540610653,
            0.023854727360170632,
            0.02315748416958956,
            0.02267246343916404,
            0.022151648197631955,
            0.021449642181483774,
            0.02065374327919417,
            0.020071932476946667,
            0.020040711231920392,
            0.02067983580310951,
            0.021754223347600566,
            0.022748959279448998,
            0.023151431125619067,
            0.02276031795790561,
            0.021767208725885164,
            0.020549022004786244,
            0.01939446040746028,
            0.01841485653446648,
            0.017628398214968442,
            0.01700980323017603,
            0.01641890058168579,
            0.015563747534970066,
            0.014151992419457799,
            0.012135484534382361,
            0.009807372730345735,
            0.0076517430709337995,
            0.006073668194438537,
            0.0052048642745453596,
            0.004883584083413294,
            0.004785063862994939,
            0.004609179118479658,
            0.004217086107272554,
            0.0036479831510567583,
            0.003031621950295585,
            0.0024816575147337755,
            0.0020449543648682895,
            0.0017124508811411682,
            0.001450815939308357,
            0.0012261223713825864,
            0.0010184815583695315,
            0.0008296974785069946,
            0.0006776547011266672,
            0.0005774890542396937,
            0.0005245660481278102,
            0.0004950622640920033,
            0.0004630107493492575,
            0.0004173650875775286,
            0.0003652492352078233,
            0.00032236541267050695,
            0.0003007376727586972,
            0.0003011950655520612,
            0.00031235422187213854,
            0.0003161098568000403,
            0.0002978026271808641,
            0.00025490816699982394,
            0.00019753352556527306,
            0.00014070867490027363,
            9.537404849824178e-05,
            6.451471746758072e-05,
            4.5101706812928926e-05,
            3.2311821131705914e-05
        ]
    }
}