{
  "state": "DONE",
  "preSearchDescription": {
    "gridLength": 3,
    "searchStrategy": "GRID",
    "importantParams": [
      {
        "name": "alpha",
        "vals": [
          "0.1",
          "1.0",
          "3.0"
        ]
      }
    ]
  },
  "postSearchDescription": {
    "importantParams": [
      {
        "name": "alpha",
        "val": "0.1"
      }
    ]
  },
  "resumed": false,
  "timeOrderingEnabled": false,
  "sampleWeightsEnabled": false,
  "modelId": "m1",
  "progress": {
    "top_level_todo": [],
    "stack": [],
    "top_level_done": [
      {
        "name": "Loading train set",
        "time": 226
      },
      {
        "name": "Loading test set",
        "time": 70
      },
      {
        "name": "Collecting statistics",
        "time": 122
      },
      {
        "name": "Preprocessing train set",
        "time": 360
      },
      {
        "name": "Preprocessing test set",
        "time": 79
      },
      {
        "name": "Hyperparameter searching",
        "time": 57200
      },
      {
        "name": "Fitting model",
        "time": 2232
      },
      {
        "name": "Saving model",
        "time": 3866
      },
      {
        "name": "Scoring model",
        "time": 24917
      }
    ]
  },
  "startTime": 1648984921480,
  "endTime": 1648985011751,
  "preprocessingTime": 871,
  "trainingTime": 89400,
  "hyperparamsSearchTime": 57200
}