{
  "description": "",
  "name": "Ridge (L2) regression",
  "starred": false,
  "clusterMetas": {},
  "customMeta": {
    "kv": {}
  },
  "tags": [],
  "activeClassifierThreshold": 0.0,
  "labels": [
    {
      "key": "trainDataset:dataset-name",
      "value": "Training"
    },
    {
      "key": "testDataset:dataset-name",
      "value": "Training"
    },
    {
      "key": "model:date",
      "value": "2022-04-03 11:21:57"
    },
    {
      "key": "model:algorithm",
      "value": "RIDGE_REGRESSION"
    }
  ]
}