{
  "params": {
    "ttPolicy": "SPLIT_SINGLE_DATASET",
    "ssdSplitMode": "RANDOM",
    "splitBeforePrepare": true,
    "ssdSelection": {
      "useMemTable": false,
      "filter": {
        "distinct": false,
        "enabled": false
      },
      "partitionSelectionMethod": "ALL",
      "latestPartitionsN": 1,
      "ordering": {
        "enabled": false,
        "rules": []
      },
      "samplingMethod": "HEAD_SEQUENTIAL",
      "maxRecords": 100000,
      "targetRatio": 0.02,
      "withinFirstN": -1,
      "maxReadUncompressedBytes": -1
    },
    "ssdTrainingRatio": 0.8,
    "ssdSeed": 1337,
    "testOnLargerValues": true,
    "kfold": false,
    "nFolds": 5,
    "instanceIdRefresher": 0,
    "subSamplingSeed": 1337
  },
  "generationDate": 1650483514606,
  "policyId": "type\u003dSPLIT_SINGLE_DATASET,split\u003dRANDOM,splitBeforePrepare\u003dtrue,ds\u003dTraining,sel\u003d(method\u003dhead-s,records\u003d100000),r\u003d0.8,s\u003d1337",
  "instanceId": "b5647dd2f0b34ff7347baa1a8e3965b3-0",
  "format": "csv1",
  "schema": {
    "columns": [
      {"name":"distance","type":"double"},
      {"name":"cab_type","type":"string"},
      {"name":"destination","type":"string"},
      {"name":"source","type":"string"},
      {"name":"price","type":"double"},
      {"name":"surge_multiplier","type":"double"},
      {"name":"product_id","type":"string"},
      {"name":"name","type":"string"},
      {"name":"Time Stamp_parsed_year","type":"bigint"},
      {"name":"Time Stamp_parsed_month","type":"bigint"},
      {"name":"Time Stamp_parsed_day","type":"bigint"},
      {"name":"Hour","type":"bigint"}
    ],
    "userModified": false
  },
  "trainPath": "train-b5647dd2f0b34ff7347baa1a8e3965b3-0.csv.gz",
  "testPath": "test-b5647dd2f0b34ff7347baa1a8e3965b3-0.csv.gz",
  "trainRows": 79912,
  "testRows": 20088,
  "fullRows": 0
}