{
    "details": {
        "product_id": {
            "levels": [
                "lyft_premier",
                "lyft_lux",
                "lyft_line",
                "lyft",
                "lyft_luxsuv"
            ],
            "with_others": false
        },
        "destination": {
            "levels": [
                "Financial District",
                "Fenway",
                "North Station",
                "Haymarket Square",
                "Northeastern University",
                "Beacon Hill",
                "North End",
                "Boston University",
                "Back Bay",
                "Theatre District",
                "South Station"
            ],
            "with_others": false
        },
        "name": {
            "levels": [
                "Lux",
                "Lux Black",
                "Shared",
                "Lyft",
                "Lux Black XL"
            ],
            "with_others": false
        },
        "source": {
            "levels": [
                "Financial District",
                "South Station",
                "North End",
                "Boston University",
                "Beacon Hill",
                "Theatre District",
                "Back Bay",
                "Haymarket Square",
                "West End",
                "Fenway",
                "North Station"
            ],
            "with_others": false
        }
    }
}