[
    {
        "test_score_gib": 0.3745895805924876,
        "train_score": 0.3712862938990348,
        "test_score": 0.3745895805924876,
        "num_samples": 15983,
        "fit_time": 11708,
        "score_time": 12738,
        "time": 24446,
        "parameters": {
            "alpha": 0.1
        },
        "best_iteration": null,
        "done_at": 1650483546159,
        "split_id": 0
    },
    {
        "test_score_gib": 0.3735620870110964,
        "train_score": 0.37439104571159343,
        "test_score": 0.3735620870110964,
        "num_samples": 15983,
        "fit_time": 24924,
        "score_time": 6,
        "time": 24930,
        "parameters": {
            "alpha": 0.1
        },
        "best_iteration": null,
        "done_at": 1650483546663,
        "split_id": 1
    },
    {
        "test_score_gib": 0.3709187240873023,
        "train_score": 0.37255747803375006,
        "test_score": 0.3709187240873023,
        "num_samples": 15982,
        "fit_time": 24811,
        "score_time": 101,
        "time": 24912,
        "parameters": {
            "alpha": 0.1
        },
        "best_iteration": null,
        "done_at": 1650483546685,
        "split_id": 2
    },
    {
        "test_score_gib": 0.3704575706360532,
        "train_score": 0.372956896397056,
        "test_score": 0.3704575706360532,
        "num_samples": 15982,
        "fit_time": 24864,
        "score_time": 6,
        "time": 24870,
        "parameters": {
            "alpha": 0.1
        },
        "best_iteration": null,
        "done_at": 1650483546657,
        "split_id": 3
    },
    {
        "test_score_gib": 0.37176431162599466,
        "train_score": 0.37317641545330815,
        "test_score": 0.37176431162599466,
        "num_samples": 15982,
        "fit_time": 646,
        "score_time": 146,
        "time": 792,
        "parameters": {
            "alpha": 0.1
        },
        "best_iteration": null,
        "done_at": 1650483546952,
        "split_id": 4
    },
    {
        "test_score_gib": 0.05419389734513691,
        "train_score": 0.054871803405293074,
        "test_score": 0.05419389734513691,
        "num_samples": 15983,
        "fit_time": 406,
        "score_time": 6,
        "time": 412,
        "parameters": {
            "alpha": 3.0
        },
        "best_iteration": null,
        "done_at": 1650483547076,
        "split_id": 0
    },
    {
        "test_score_gib": 0.05552919108037291,
        "train_score": 0.05511656416735,
        "test_score": 0.05552919108037291,
        "num_samples": 15983,
        "fit_time": 415,
        "score_time": 5,
        "time": 420,
        "parameters": {
            "alpha": 3.0
        },
        "best_iteration": null,
        "done_at": 1650483547184,
        "split_id": 1
    },
    {
        "test_score_gib": 0.05478901479937037,
        "train_score": 0.054721127961693705,
        "test_score": 0.05478901479937037,
        "num_samples": 15982,
        "fit_time": 271,
        "score_time": 199,
        "time": 470,
        "parameters": {
            "alpha": 3.0
        },
        "best_iteration": null,
        "done_at": 1650483547347,
        "split_id": 2
    },
    {
        "test_score_gib": 0.05441119299094255,
        "train_score": 0.055163523872739595,
        "test_score": 0.05441119299094255,
        "num_samples": 15982,
        "fit_time": 259,
        "score_time": 6,
        "time": 265,
        "parameters": {
            "alpha": 3.0
        },
        "best_iteration": null,
        "done_at": 1650483547281,
        "split_id": 3
    },
    {
        "test_score_gib": 0.05467324827459541,
        "train_score": 0.05513912041115776,
        "test_score": 0.05467324827459541,
        "num_samples": 15982,
        "fit_time": 335,
        "score_time": 6,
        "time": 341,
        "parameters": {
            "alpha": 3.0
        },
        "best_iteration": null,
        "done_at": 1650483547463,
        "split_id": 4
    },
    {
        "test_score_gib": 0.10956128188929626,
        "train_score": 0.10985227999934721,
        "test_score": 0.10956128188929626,
        "num_samples": 15983,
        "fit_time": 250,
        "score_time": 6,
        "time": 256,
        "parameters": {
            "alpha": 1.0
        },
        "best_iteration": null,
        "done_at": 1650483547742,
        "split_id": 0
    },
    {
        "test_score_gib": 0.11136873477951281,
        "train_score": 0.11083309443177558,
        "test_score": 0.11136873477951281,
        "num_samples": 15983,
        "fit_time": 431,
        "score_time": 6,
        "time": 437,
        "parameters": {
            "alpha": 1.0
        },
        "best_iteration": null,
        "done_at": 1650483547742,
        "split_id": 1
    },
    {
        "test_score_gib": 0.11005798033018,
        "train_score": 0.11013956943714076,
        "test_score": 0.11005798033018,
        "num_samples": 15982,
        "fit_time": 140,
        "score_time": 6,
        "time": 146,
        "parameters": {
            "alpha": 1.0
        },
        "best_iteration": null,
        "done_at": 1650483547583,
        "split_id": 2
    },
    {
        "test_score_gib": 0.10916837719870254,
        "train_score": 0.11081237615102768,
        "test_score": 0.10916837719870254,
        "num_samples": 15982,
        "fit_time": 196,
        "score_time": 111,
        "time": 307,
        "parameters": {
            "alpha": 1.0
        },
        "best_iteration": null,
        "done_at": 1650483547934,
        "split_id": 3
    },
    {
        "test_score_gib": 0.10984077939380688,
        "train_score": 0.11075838108236669,
        "test_score": 0.10984077939380688,
        "num_samples": 15982,
        "fit_time": 334,
        "score_time": 7,
        "time": 341,
        "parameters": {
            "alpha": 1.0
        },
        "best_iteration": null,
        "done_at": 1650483547979,
        "split_id": 4
    }
]