{
    "startedAt": 1650483521688,
    "gridSize": 3,
    "nThreads": 4,
    "nSplits": 5,
    "metric": "R2",
    "timeout": null,
    "gridPoints": [
        {
            "finishedAt": 1650483546952,
            "score": 0.37225850027509505,
            "testScoreGibMean": 0.37225850027509505,
            "testScoreMean": 0.37225850027509505,
            "testScoreStd": 0.0015758159553782185,
            "trainScoreMean": 0.37287362502408383,
            "trainScoreStd": 0.0010020904939193223,
            "time": 99950,
            "fitTimeMean": 17390.6,
            "fitTimeStd": 9801.425724862685,
            "scoreTimeMean": 2599.4,
            "scoreTimeStd": 5069.5923149697155,
            "best_iteration": null,
            "parameters": {
                "alpha": 0.1
            }
        },
        {
            "finishedAt": 1650483547463,
            "score": 0.05471931245788228,
            "testScoreGibMean": 0.05471931245788228,
            "testScoreMean": 0.05471931245788228,
            "testScoreStd": 0.00045473394233644615,
            "trainScoreMean": 0.05500242775731543,
            "trainScoreStd": 0.00017541624127588975,
            "time": 1908,
            "fitTimeMean": 337.2,
            "fitTimeStd": 65.25151339241106,
            "scoreTimeMean": 44.4,
            "scoreTimeStd": 77.30097023970657,
            "best_iteration": null,
            "parameters": {
                "alpha": 3.0
            }
        },
        {
            "finishedAt": 1650483547979,
            "score": 0.10999944237055757,
            "testScoreGibMean": 0.10999944237055757,
            "testScoreMean": 0.10999944237055757,
            "testScoreStd": 0.0007464952586094102,
            "trainScoreMean": 0.11047913680524987,
            "trainScoreStd": 0.00040560550301988146,
            "time": 1487,
            "fitTimeMean": 270.2,
            "fitTimeStd": 102.75485389994967,
            "scoreTimeMean": 27.2,
            "scoreTimeStd": 41.90178993790122,
            "best_iteration": null,
            "parameters": {
                "alpha": 1.0
            }
        }
    ]
}