{
    "modelInputNRows": 79912,
    "modelInputNCols": 41,
    "modelInputIsSparse": false,
    "modelInputMemory": 26211136,
    "usedGridSearch": true,
    "gridSize": 3,
    "gridBestScore": 0.37225850027509505,
    "gridCells": [
        {
            "params": {
                "alpha": 0.1
            },
            "score": 0.37225850027509505,
            "scoreStd": 0.0015758159553782185,
            "fitTime": 17.3906,
            "fitTimeStd": 9.801425724862685,
            "scoreTime": 2.5994,
            "scoreTimeStd": 5.069592314969715
        },
        {
            "params": {
                "alpha": 3.0
            },
            "score": 0.05471931245788228,
            "scoreStd": 0.00045473394233644615,
            "fitTime": 0.3372,
            "fitTimeStd": 0.06525151339241106,
            "scoreTime": 0.0444,
            "scoreTimeStd": 0.07730097023970657
        },
        {
            "params": {
                "alpha": 1.0
            },
            "score": 0.10999944237055757,
            "scoreStd": 0.0007464952586094102,
            "fitTime": 0.2702,
            "fitTimeStd": 0.10275485389994966,
            "scoreTime": 0.0272,
            "scoreTimeStd": 0.041901789937901224
        }
    ],
    "lmCoefficients": {
        "variables": [
            "distance",
            "price",
            "Hour",
            "Time Stamp_parsed_day",
            "Time Stamp_parsed_month",
            "dummy:product_id:lyft_premier",
            "dummy:product_id:lyft_lux",
            "dummy:product_id:lyft_line",
            "dummy:product_id:lyft",
            "dummy:product_id:lyft_luxsuv",
            "dummy:destination:Financial District",
            "dummy:destination:Fenway",
            "dummy:destination:North Station",
            "dummy:destination:Haymarket Square",
            "dummy:destination:Northeastern University",
            "dummy:destination:Beacon Hill",
            "dummy:destination:North End",
            "dummy:destination:Boston University",
            "dummy:destination:Back Bay",
            "dummy:destination:Theatre District",
            "dummy:destination:South Station",
            "dummy:name:Lux",
            "dummy:name:Lux Black",
            "dummy:name:Shared",
            "dummy:name:Lyft",
            "dummy:name:Lux Black XL",
            "dummy:source:Financial District",
            "dummy:source:South Station",
            "dummy:source:North End",
            "dummy:source:Boston University",
            "dummy:source:Beacon Hill",
            "dummy:source:Theatre District",
            "dummy:source:Back Bay",
            "dummy:source:Haymarket Square",
            "dummy:source:West End",
            "dummy:source:Fenway",
            "dummy:source:North Station"
        ],
        "coefs": [
            -0.0381490131360104,
            0.1265960898099493,
            0.00027151724081498225,
            0.00010953294330325972,
            -0.0003143500320509642,
            -0.012377727383197753,
            -0.04469906952419576,
            0.04055460849964895,
            0.0374566951997247,
            -0.10069420982771776,
            -0.00890659004487803,
            -0.003543945028390879,
            -0.0013995392519106922,
            -0.00173920775256511,
            -0.00813436541614692,
            0.006464007422542317,
            0.0030634434276599243,
            -0.0017177020262477227,
            0.0033565068635922246,
            0.0015886483055507928,
            -0.004625953191529541,
            -0.012377727383197725,
            -0.044699069524195674,
            0.04055460849964886,
            0.03745669519972466,
            -0.10069420982771769,
            -0.015017233994716722,
            -0.009170631234974025,
            -0.0296444791439959,
            -6.40350101447202e-05,
            0.00644189620057773,
            0.0029312996525888264,
            0.020979264290600198,
            -0.02425061629079064,
            -0.01669910132537033,
            -0.0007941901555373229,
            -0.01565392596427804
        ],
        "interceptCoef": 1.0665109944333044,
        "interceptStderr": null,
        "interceptTstat": null,
        "interceptPvalue": null,
        "rescaledCoefs": [
            -0.03506896813244259,
            0.01264588958025916,
            3.9078225015517884e-05,
            1.0959131661863733e-05,
            -0.0006375559925425056,
            -0.012377727383197753,
            -0.04469906952419576,
            0.04055460849964895,
            0.0374566951997247,
            -0.10069420982771776,
            -0.00890659004487803,
            -0.003543945028390879,
            -0.0013995392519106922,
            -0.00173920775256511,
            -0.00813436541614692,
            0.006464007422542317,
            0.0030634434276599243,
            -0.0017177020262477227,
            0.0033565068635922246,
            0.0015886483055507928,
            -0.004625953191529541,
            -0.012377727383197725,
            -0.044699069524195674,
            0.04055460849964886,
            0.03745669519972466,
            -0.10069420982771769,
            -0.015017233994716722,
            -0.009170631234974025,
            -0.0296444791439959,
            -6.40350101447202e-05,
            0.00644189620057773,
            0.0029312996525888264,
            0.020979264290600198,
            -0.02425061629079064,
            -0.01669910132537033,
            -0.0007941901555373229,
            -0.01565392596427804
        ],
        "rescaledInterceptCoef": 0.9304617455460397
    }
}