{
    "metrics": {
        "evs": 0.37229391667791867,
        "mape": 0.04362264944563633,
        "mae": 0.05186834550228395,
        "mse": 0.011965523520545045,
        "rmse": 0.10938703543174139,
        "rmsle": 0.04585498543209519,
        "r2": 0.37226769214760036,
        "pearson": 0.6881517260550705
    },
    "processed_feature_names": [
        "distance",
        "price",
        "Hour",
        "Time Stamp_parsed_day",
        "Time Stamp_parsed_month",
        "dummy:product_id:lyft_premier",
        "dummy:product_id:lyft_lux",
        "dummy:product_id:lyft_line",
        "dummy:product_id:lyft",
        "dummy:product_id:lyft_luxsuv",
        "dummy:product_id:N/A",
        "dummy:destination:Financial District",
        "dummy:destination:Fenway",
        "dummy:destination:North Station",
        "dummy:destination:Haymarket Square",
        "dummy:destination:Northeastern University",
        "dummy:destination:Beacon Hill",
        "dummy:destination:North End",
        "dummy:destination:Boston University",
        "dummy:destination:Back Bay",
        "dummy:destination:Theatre District",
        "dummy:destination:South Station",
        "dummy:destination:N/A",
        "dummy:name:Lux",
        "dummy:name:Lux Black",
        "dummy:name:Shared",
        "dummy:name:Lyft",
        "dummy:name:Lux Black XL",
        "dummy:name:N/A",
        "dummy:source:Financial District",
        "dummy:source:South Station",
        "dummy:source:North End",
        "dummy:source:Boston University",
        "dummy:source:Beacon Hill",
        "dummy:source:Theatre District",
        "dummy:source:Back Bay",
        "dummy:source:Haymarket Square",
        "dummy:source:West End",
        "dummy:source:Fenway",
        "dummy:source:North Station",
        "dummy:source:N/A"
    ],
    "regression_performance": {
        "error_distribution": [
            {
                "bin_id": 0,
                "bin_min": -0.0947761303320225,
                "bin_max": -0.04449196448019061,
                "count": 4331
            },
            {
                "bin_id": 1,
                "bin_min": -0.04449196448019061,
                "bin_max": 0.005294338343405328,
                "count": 11295
            },
            {
                "bin_id": 2,
                "bin_min": 0.005294338343405328,
                "bin_max": 0.05508064116700126,
                "count": 2832
            },
            {
                "bin_id": 3,
                "bin_min": 0.05508064116700126,
                "bin_max": 0.1048669439905972,
                "count": 268
            },
            {
                "bin_id": 4,
                "bin_min": 0.1048669439905972,
                "bin_max": 0.15465324681419315,
                "count": 230
            },
            {
                "bin_id": 5,
                "bin_min": 0.15465324681419315,
                "bin_max": 0.20443954963778907,
                "count": 371
            },
            {
                "bin_id": 6,
                "bin_min": 0.20443954963778907,
                "bin_max": 0.25422585246138507,
                "count": 121
            },
            {
                "bin_id": 7,
                "bin_min": 0.25422585246138507,
                "bin_max": 0.30401215528498093,
                "count": 45
            },
            {
                "bin_id": 8,
                "bin_min": 0.30401215528498093,
                "bin_max": 0.3537984581085769,
                "count": 100
            },
            {
                "bin_id": 9,
                "bin_min": 0.3537984581085769,
                "bin_max": 0.4035847609321728,
                "count": 495
            }
        ],
        "raw_min_error": -0.16707120477414916,
        "min_error": -0.09427826730378655,
        "p25_error": -0.04130423423680024,
        "median_error": -0.019994127722533506,
        "average_error": -0.003087795033254867,
        "std_error": 0.08468642357989557,
        "p75_error": 0.001676232114727505,
        "p90_error": 0.0352820343404711,
        "max_error": 0.4035847609321728,
        "raw_max_error": 1.3540519822546884
    },
    "scatterPlotData": {
        "x": [
            1.0,
            1.0,
            1.0,
            1.0,
            1.0,
            1.0,
            1.0,
            1.0,
            1.25,
            1.0,
            1.0,
            1.0,
            1.0,
            1.0,
            1.0,
            1.75,
            1.0,
            1.0,
            1.0,
            1.0,
            1.0,
            1.0,
            1.0,
            1.0,
            1.0,
            1.0,
            1.0,
            1.0,
            2.0,
            1.0,
            1.0,
            1.0,
            1.0,
            1.0,
            1.0,
            1.0,
            1.0,
            1.0,
            1.0,
            1.0,
            1.0,
            1.0,
            1.0,
            1.0,
            1.0,
            1.0,
            1.0,
            1.0,
            1.0,
            1.0,
            1.0,
            1.25,
            1.0,
            1.25,
            1.0,
            1.25,
            1.0,
            2.0,
            1.0,
            1.0,
            1.0,
            1.0,
            1.0,
            1.0,
            1.0,
            1.0,
            1.0,
            1.0,
            1.0,
            1.0,
            1.0,
            1.0,
            1.0,
            1.0,
            1.0,
            1.0,
            1.0,
            1.0,
            1.0,
            1.0,
            1.0,
            1.0,
            1.0,
            1.0,
            1.0,
            2.0,
            1.0,
            1.0,
            1.0,
            1.0,
            1.0,
            1.0,
            1.0,
            1.0,
            1.0,
            1.0,
            1.0,
            1.0,
            1.0,
            1.0,
            1.0,
            1.0,
            1.0,
            2.0,
            1.0,
            2.0,
            1.0,
            1.0,
            1.0,
            1.0,
            1.0,
            1.0,
            1.0,
            1.0,
            1.0,
            1.0,
            1.0,
            1.0,
            1.0,
            1.0,
            1.0,
            1.0,
            1.0,
            1.0,
            1.0,
            1.0,
            1.0,
            1.0,
            1.25,
            1.0,
            1.25,
            1.0,
            1.0,
            1.0,
            1.0,
            1.0,
            1.0,
            1.0,
            1.0,
            1.0,
            1.0,
            1.0,
            1.0,
            1.0,
            1.25,
            1.0,
            1.0,
            1.0,
            1.0,
            1.0,
            1.0,
            1.0,
            1.0,
            1.0,
            1.0,
            1.0,
            1.0,
            1.0,
            1.0,
            1.0,
            1.0,
            1.0,
            1.0,
            1.0,
            1.0,
            1.0,
            1.0,
            1.0,
            1.0,
            1.0,
            1.0,
            1.0,
            1.0,
            1.0,
            1.0,
            1.0,
            1.0,
            1.0,
            1.0,
            1.0,
            1.0,
            1.0,
            1.0,
            1.0,
            1.0,
            1.0,
            1.0,
            1.0,
            1.0,
            1.0,
            1.0,
            1.0,
            1.0,
            1.0,
            1.0,
            1.0,
            1.0,
            1.0,
            1.0,
            1.0,
            1.0,
            1.5,
            1.0,
            1.0,
            1.0,
            1.0,
            1.0,
            1.0,
            1.0,
            1.0,
            1.0,
            1.0,
            1.0,
            1.0,
            1.0,
            1.0,
            1.5,
            1.0,
            1.0,
            1.0,
            1.0,
            1.0,
            1.0,
            1.0,
            1.0,
            1.0,
            1.0,
            1.0,
            1.0,
            1.25,
            1.0,
            2.0,
            1.0,
            1.0,
            1.0,
            1.0,
            1.0,
            1.0,
            1.0,
            1.0,
            1.0,
            1.0,
            1.0,
            1.0,
            1.75,
            1.0,
            1.0,
            1.0,
            1.0,
            1.0,
            1.0,
            1.0,
            2.0,
            1.0,
            1.0,
            1.0,
            1.0,
            1.0,
            1.0,
            1.0,
            1.0,
            1.0,
            1.0,
            1.0,
            1.25,
            1.0,
            1.0,
            1.0,
            1.0,
            1.0,
            1.0,
            1.0,
            1.0,
            1.0,
            1.0,
            1.0,
            1.0,
            1.0,
            1.0,
            1.0,
            1.0,
            1.0,
            1.0,
            1.0,
            1.0,
            1.0,
            1.0,
            1.0,
            1.0,
            1.0,
            1.0,
            1.0,
            1.0,
            1.25,
            1.0,
            1.25,
            1.5,
            1.0,
            1.0,
            1.0,
            1.0,
            1.0,
            1.0,
            1.0,
            1.0,
            1.0,
            1.0,
            1.0,
            1.0,
            1.0,
            1.0,
            1.0,
            1.0,
            1.0,
            1.25,
            1.0,
            1.0,
            1.0,
            1.0,
            1.0,
            1.0,
            1.0,
            1.0,
            1.0,
            1.0,
            1.0,
            1.0,
            1.0,
            1.0,
            1.0,
            1.0,
            1.0,
            1.0,
            1.0,
            1.0,
            1.0,
            1.0,
            1.0,
            1.0,
            1.0,
            1.0,
            1.0,
            1.0,
            1.0,
            1.0,
            1.0,
            1.0,
            1.0,
            1.0,
            1.0,
            1.0,
            1.25,
            1.0,
            1.0,
            1.25,
            1.0,
            1.0,
            1.0,
            1.0,
            1.0,
            1.0,
            1.0,
            1.0,
            1.0,
            1.0,
            1.0,
            1.0,
            1.0,
            1.0,
            1.0,
            1.0,
            1.0,
            1.0,
            1.0,
            1.0,
            1.0,
            1.0,
            1.75,
            1.0,
            1.0,
            1.0,
            1.0,
            1.0,
            1.0,
            1.0,
            1.0,
            1.0,
            1.0,
            1.0,
            1.0,
            1.0,
            1.0,
            1.0,
            1.5,
            1.25,
            1.0,
            1.0,
            1.0,
            1.0,
            1.25,
            1.0,
            1.0,
            1.0,
            1.0,
            1.0,
            1.0,
            1.0,
            1.5,
            1.0,
            1.0,
            1.0,
            1.0,
            1.0,
            1.0,
            1.0,
            1.0,
            1.0,
            1.0,
            1.25,
            1.0,
            1.0,
            1.0,
            1.0,
            1.0,
            1.0,
            1.0,
            1.0,
            1.0,
            1.0,
            1.0,
            1.0,
            1.0,
            1.0,
            1.0,
            1.0,
            1.0,
            1.0,
            1.75,
            1.0,
            1.0,
            1.0,
            1.0,
            1.0,
            1.0,
            1.0,
            1.5,
            1.0,
            1.0,
            1.0,
            1.0,
            1.0,
            1.0,
            1.0,
            1.25,
            1.0,
            1.0,
            1.0,
            1.0,
            1.0,
            1.0,
            1.0,
            1.0,
            1.0,
            1.0,
            1.0,
            1.0,
            1.0,
            1.25,
            1.0,
            1.0,
            1.0,
            1.0,
            1.25,
            1.0,
            1.0,
            1.0,
            1.0,
            1.0,
            1.0,
            1.25,
            1.0,
            1.0,
            1.0,
            1.0,
            1.0,
            1.0,
            1.0,
            1.0,
            1.0,
            1.0,
            1.0,
            1.0,
            1.0,
            1.0,
            2.0,
            1.0,
            1.0,
            1.0,
            1.5,
            1.0,
            1.0,
            1.0,
            1.0,
            1.0,
            1.0,
            1.0,
            1.0,
            1.0,
            1.0,
            1.0,
            1.0,
            1.0,
            1.0,
            1.0,
            1.25,
            1.0,
            1.0,
            1.0,
            1.0,
            1.0,
            1.0,
            1.0,
            1.0,
            1.0,
            1.0,
            1.0,
            1.0,
            1.0,
            1.0,
            1.0,
            1.0,
            1.0,
            1.0,
            1.0,
            1.0,
            1.0,
            1.0,
            1.0,
            1.0,
            1.0,
            1.0,
            1.0,
            1.0,
            1.0,
            1.0,
            1.0,
            1.0,
            1.0,
            1.0,
            1.0,
            1.0,
            1.0,
            1.0,
            1.0,
            1.0,
            1.0,
            1.5,
            1.0,
            1.0,
            1.0,
            1.0,
            1.0,
            1.0,
            2.0,
            1.0,
            1.0,
            1.0,
            1.0,
            1.0,
            1.0,
            1.0,
            1.0,
            1.0,
            1.0,
            1.0,
            1.0,
            1.0,
            1.0,
            1.0,
            1.0,
            1.0,
            1.0,
            1.0,
            1.0,
            1.0,
            1.0,
            1.0,
            1.0,
            1.0,
            1.0,
            1.0,
            1.0,
            1.0,
            1.0,
            1.0,
            1.0,
            1.0,
            1.0,
            1.0,
            1.0,
            1.0,
            1.0,
            1.0,
            1.0,
            1.0,
            1.0,
            1.0,
            1.0,
            1.25,
            1.0,
            1.0,
            1.0,
            1.0,
            1.5,
            1.0,
            1.0,
            1.0,
            2.0,
            1.0,
            1.0,
            1.0,
            1.0,
            1.0,
            1.0,
            1.0,
            1.0,
            1.0,
            1.0,
            1.0,
            1.0,
            1.0,
            1.0,
            1.0,
            1.0,
            1.0,
            1.0,
            1.0,
            1.0,
            1.25,
            1.0,
            1.0,
            1.0,
            1.0,
            1.0,
            1.0,
            1.0,
            1.0,
            1.0,
            1.0,
            1.0,
            1.0,
            1.0,
            1.75,
            1.0,
            1.0,
            1.0,
            1.0,
            1.0,
            1.0,
            1.0,
            1.0,
            1.0,
            1.0,
            1.0,
            1.0,
            1.0,
            1.0,
            1.0,
            1.0,
            1.0,
            1.0,
            1.0,
            1.0,
            1.0,
            1.0,
            1.0,
            1.0,
            1.0,
            1.0,
            1.0,
            1.0,
            1.0,
            1.0,
            1.0,
            1.0,
            1.0,
            1.0,
            1.0,
            1.0,
            1.0,
            1.0,
            1.0,
            1.0,
            1.0,
            1.0,
            1.0,
            1.0,
            1.0,
            1.0,
            1.0,
            1.0,
            1.0,
            1.0,
            1.0,
            1.0,
            1.0,
            1.0,
            1.25,
            1.0,
            1.0,
            1.0,
            1.0,
            1.0,
            1.0,
            1.0,
            1.0,
            1.0,
            1.0,
            1.0,
            1.0,
            1.0,
            1.0,
            1.0,
            1.0,
            1.0,
            1.0,
            1.0,
            1.0,
            1.0,
            1.0,
            1.0,
            1.0,
            1.0,
            1.0,
            1.0,
            1.0,
            1.0,
            1.0,
            1.5,
            1.0,
            1.0,
            1.0,
            1.0,
            1.0,
            1.0,
            1.0,
            1.0,
            1.0,
            1.0,
            1.0,
            1.0,
            1.0,
            1.0,
            1.25,
            1.0,
            1.0,
            1.0,
            1.0,
            1.0,
            1.0,
            1.0,
            1.5,
            1.0,
            1.0,
            1.0,
            1.0,
            1.0,
            1.0,
            1.0,
            1.0,
            1.25,
            1.0,
            1.0,
            1.0,
            1.0,
            1.0,
            1.0,
            1.0,
            1.5,
            1.0,
            1.0,
            1.0,
            1.0,
            1.0,
            1.5,
            1.0,
            1.0,
            1.0,
            1.0,
            1.0,
            1.0,
            1.0,
            1.0,
            1.0,
            1.0,
            1.0,
            1.0,
            1.0,
            1.0,
            1.0,
            1.0,
            1.0,
            1.0,
            1.0,
            1.0,
            1.0,
            1.0,
            1.0,
            1.0,
            1.0,
            1.0,
            1.0,
            1.0,
            1.0,
            1.0,
            1.0,
            1.0,
            1.0,
            1.0,
            1.0,
            1.0,
            1.0,
            1.0,
            1.0,
            1.0,
            1.0,
            1.0,
            1.0,
            1.0,
            1.0,
            1.0,
            1.0,
            1.0,
            1.25,
            1.0,
            1.0,
            1.0,
            1.0,
            1.0,
            1.0,
            1.0,
            1.0,
            1.0,
            1.0,
            1.0,
            1.0,
            1.0,
            1.0,
            1.0,
            1.0,
            1.0,
            1.0,
            1.0,
            1.0,
            1.0,
            1.0,
            1.0,
            1.0,
            1.0,
            1.0,
            1.0,
            1.25,
            1.0,
            1.0,
            1.0,
            1.0,
            1.0,
            1.25,
            1.25,
            1.0,
            1.0,
            1.0,
            1.0,
            1.0,
            1.0,
            1.0,
            1.0,
            1.0,
            1.0,
            1.0,
            1.0,
            1.0,
            1.0,
            1.0,
            1.0,
            1.0,
            1.0,
            1.0,
            1.0,
            1.0,
            1.0,
            1.0,
            1.0,
            1.0,
            1.0,
            1.0,
            1.25,
            1.0,
            1.0,
            1.0,
            1.0,
            1.0,
            1.0,
            1.0,
            1.0,
            1.0,
            1.0,
            1.0,
            1.5,
            1.0,
            1.0,
            1.0,
            1.0,
            1.0,
            1.0,
            1.0,
            1.0,
            1.0,
            1.0,
            1.0,
            1.0,
            1.0,
            1.0,
            1.0,
            1.0,
            1.0,
            1.0,
            1.0,
            1.0,
            1.0,
            1.0,
            1.0,
            1.0,
            1.0,
            1.0,
            1.0,
            1.0,
            1.0,
            1.0,
            1.0,
            1.0,
            1.0,
            1.0,
            1.0,
            1.0,
            1.0,
            1.0,
            1.0,
            1.0,
            1.25,
            1.0,
            1.0,
            1.0,
            1.0,
            1.0,
            1.0,
            1.0,
            1.25,
            1.0,
            1.0,
            1.0,
            1.0,
            1.0,
            1.0,
            1.0,
            1.0,
            1.0,
            1.0,
            1.0,
            1.0,
            1.0,
            1.0,
            1.0,
            1.0,
            1.0,
            1.0,
            1.0,
            1.25,
            1.0,
            1.0,
            1.25,
            1.0,
            1.0,
            2.0,
            1.0,
            1.0,
            1.0,
            1.0,
            1.0,
            1.0,
            1.0,
            1.0,
            1.0,
            2.0,
            1.0,
            1.0,
            1.0,
            1.0,
            1.0,
            1.25
        ],
        "y": [
            1.0022,
            1.0235,
            1.0249,
            1.0149,
            1.0522,
            1.0285,
            1.0371,
            1.0132,
            1.0828,
            0.9414,
            1.0116,
            1.0191,
            1.0154,
            1.0369,
            1.039,
            1.2816,
            1.0177,
            1.0258,
            0.9961,
            1.0339,
            1.0585,
            1.049,
            1.0644,
            0.9942,
            0.9918,
            1.0454,
            1.0563,
            1.0121,
            1.2839,
            0.9934,
            0.9864,
            1.0667,
            1.0815,
            1.0701,
            1.0003,
            1.0235,
            1.0167,
            1.0466,
            0.9973,
            1.0249,
            1.0092,
            1.0087,
            1.143,
            1.0022,
            1.0027,
            1.0079,
            1.042,
            1.0321,
            1.0512,
            1.059,
            1.0306,
            1.098,
            1.0882,
            1.1192,
            1.0789,
            1.0454,
            1.0374,
            1.3952,
            1.0391,
            0.9881,
            1.0127,
            1.0279,
            1.0629,
            1.0178,
            1.0254,
            1.0617,
            1.0448,
            0.9947,
            1.0025,
            1.01,
            1.0519,
            1.0631,
            0.9887,
            1.0381,
            0.9698,
            1.0555,
            1.0394,
            1.0017,
            0.9786,
            1.0428,
            1.0146,
            1.0257,
            1.0243,
            1.0092,
            1.0519,
            1.4677,
            1.0131,
            1.0216,
            1.0652,
            1.0534,
            1.057,
            0.9705,
            1.0353,
            1.0275,
            0.9893,
            1.0696,
            1.0148,
            0.9935,
            0.9914,
            1.0161,
            1.0721,
            0.9424,
            1.0318,
            1.334,
            0.9747,
            1.4322,
            1.0522,
            1.0142,
            1.0646,
            0.999,
            1.0903,
            1.0384,
            1.0007,
            1.0337,
            1.0566,
            1.0148,
            1.0429,
            1.0312,
            1.038,
            1.0681,
            1.0546,
            1.0341,
            0.9312,
            1.0056,
            1.0147,
            1.0823,
            1.01,
            1.0174,
            1.073,
            1.0164,
            1.0268,
            1.0286,
            1.0634,
            1.0643,
            1.0847,
            0.9817,
            0.9793,
            1.0928,
            1.0011,
            1.0694,
            1.0202,
            0.9996,
            1.0055,
            1.0081,
            1.0573,
            1.0523,
            1.0093,
            1.0078,
            0.9326,
            1.0169,
            0.9884,
            0.9235,
            1.0581,
            1.0477,
            1.0112,
            1.036,
            1.0251,
            1.0113,
            1.0305,
            0.9855,
            1.0149,
            0.9681,
            1.0239,
            1.0411,
            1.0423,
            0.9996,
            1.0031,
            1.0034,
            1.0118,
            0.9687,
            1.0118,
            1.0438,
            1.0367,
            1.0456,
            1.0088,
            1.0314,
            0.9982,
            1.0108,
            1.0223,
            1.0339,
            0.9975,
            1.0489,
            1.0352,
            1.0,
            0.9963,
            1.0072,
            1.0419,
            0.9706,
            1.0522,
            1.0212,
            0.9923,
            1.0161,
            1.0136,
            1.0503,
            1.0157,
            0.9924,
            1.0479,
            0.9989,
            1.0199,
            0.9948,
            1.0347,
            1.2429,
            1.0519,
            1.015,
            0.9691,
            0.9957,
            1.0245,
            1.0372,
            1.0259,
            1.0066,
            1.0235,
            0.9912,
            1.0407,
            1.0756,
            1.0602,
            1.0454,
            1.1718,
            0.993,
            1.0029,
            1.0113,
            1.0274,
            1.069,
            1.0119,
            1.019,
            1.0086,
            0.986,
            1.0099,
            1.0267,
            1.0228,
            1.0993,
            0.9906,
            1.3046,
            1.0169,
            0.9859,
            1.018,
            1.056,
            1.057,
            1.0617,
            1.0205,
            1.0049,
            0.9963,
            1.007,
            1.0402,
            1.0015,
            1.1154,
            1.0542,
            1.0385,
            0.9986,
            1.0007,
            1.0453,
            1.0131,
            1.0091,
            1.261,
            1.0041,
            1.0353,
            1.0289,
            1.021,
            1.0155,
            1.0365,
            1.0044,
            0.9953,
            1.073,
            0.9962,
            1.0089,
            1.064,
            0.9925,
            1.0546,
            1.062,
            0.9928,
            1.0509,
            1.0584,
            0.9847,
            0.9908,
            1.0646,
            1.0212,
            1.0823,
            1.0129,
            1.0567,
            1.0767,
            1.032,
            0.9876,
            1.0202,
            0.9767,
            0.9751,
            1.0112,
            1.0168,
            0.9848,
            1.0509,
            1.0177,
            0.985,
            1.0799,
            0.9915,
            1.0002,
            1.1409,
            0.9807,
            1.1579,
            1.0983,
            1.0451,
            1.099,
            1.0208,
            0.9879,
            1.0148,
            1.0601,
            1.0458,
            1.0429,
            0.9735,
            1.0077,
            1.0083,
            1.0156,
            1.0772,
            0.993,
            1.0749,
            0.9926,
            1.0225,
            1.0523,
            1.0564,
            0.9872,
            1.0374,
            1.0424,
            1.0162,
            1.082,
            1.0246,
            1.0639,
            1.0143,
            1.0128,
            1.051,
            1.0217,
            1.0772,
            1.0084,
            1.0028,
            1.0174,
            0.961,
            1.0003,
            1.0701,
            1.0055,
            1.0233,
            1.0182,
            1.0358,
            1.0198,
            1.028,
            1.0434,
            1.0017,
            1.0105,
            1.0307,
            1.0076,
            1.0392,
            1.0624,
            1.065,
            0.9964,
            1.0551,
            0.9895,
            1.0716,
            0.9892,
            1.0261,
            1.1218,
            1.0444,
            1.0135,
            1.0852,
            1.0345,
            1.0402,
            1.0332,
            1.0348,
            1.0449,
            1.015,
            1.0177,
            1.058,
            1.01,
            0.9722,
            1.0301,
            1.0335,
            0.9892,
            0.9951,
            1.0531,
            1.0253,
            1.0145,
            1.0868,
            1.0391,
            1.3442,
            0.9748,
            1.0224,
            0.9561,
            1.01,
            1.044,
            1.016,
            1.0421,
            0.9713,
            1.0535,
            1.0178,
            1.0332,
            1.0614,
            1.0685,
            1.0716,
            1.0284,
            1.1595,
            1.1626,
            1.0364,
            1.0684,
            1.0274,
            1.0712,
            1.1239,
            1.0406,
            1.0492,
            0.9248,
            1.0904,
            1.0019,
            0.9892,
            1.0779,
            1.0277,
            0.9918,
            1.0376,
            1.0104,
            1.0561,
            1.0312,
            0.8998,
            1.0055,
            1.0138,
            1.0065,
            1.0293,
            1.0038,
            1.0251,
            1.0327,
            1.0574,
            1.0708,
            1.0122,
            1.0626,
            1.0334,
            1.0516,
            1.0203,
            1.0232,
            1.0168,
            0.9976,
            1.089,
            1.027,
            1.0848,
            1.0259,
            1.0974,
            0.9701,
            1.138,
            1.0215,
            1.0493,
            1.0115,
            1.0011,
            0.9523,
            1.0264,
            1.0556,
            1.1691,
            0.9917,
            1.0168,
            1.0403,
            0.9976,
            1.0086,
            0.9939,
            0.9733,
            1.0982,
            1.0321,
            0.9305,
            0.9894,
            1.0706,
            1.0346,
            1.0129,
            1.0546,
            1.0373,
            1.0015,
            1.0179,
            1.0158,
            1.0014,
            1.0692,
            1.0703,
            1.0311,
            1.0842,
            1.0086,
            0.9868,
            1.046,
            0.9743,
            1.0398,
            1.0697,
            0.9965,
            0.9885,
            1.0171,
            1.0469,
            1.0183,
            0.9885,
            1.0429,
            1.0521,
            1.0027,
            1.0365,
            1.0602,
            0.9199,
            1.0001,
            1.0151,
            1.0985,
            0.963,
            1.0186,
            1.0255,
            1.7199,
            0.9887,
            1.0826,
            1.0011,
            1.169,
            1.0303,
            1.0399,
            1.0026,
            0.9973,
            1.064,
            1.013,
            1.032,
            1.0981,
            1.073,
            1.0525,
            1.0906,
            1.0584,
            0.9981,
            1.0557,
            1.061,
            1.0673,
            1.0257,
            0.9939,
            1.0446,
            1.0195,
            0.9919,
            1.0706,
            1.0286,
            1.0187,
            1.0828,
            1.0144,
            1.0321,
            1.0479,
            1.0145,
            1.0398,
            0.9703,
            0.9626,
            1.0215,
            0.9985,
            1.0314,
            1.0924,
            1.0233,
            1.0482,
            1.0918,
            1.0254,
            1.0698,
            1.0336,
            1.0257,
            1.0391,
            1.1234,
            1.0422,
            1.0242,
            1.004,
            1.0071,
            1.0072,
            1.0641,
            1.0103,
            1.0334,
            0.9959,
            0.981,
            0.9983,
            0.9929,
            1.1678,
            1.0054,
            1.0315,
            1.0665,
            0.9932,
            1.0862,
            1.0349,
            1.1588,
            1.0079,
            1.014,
            1.096,
            1.0683,
            1.0457,
            1.0074,
            1.0339,
            1.0898,
            1.054,
            1.0479,
            1.0005,
            1.0724,
            1.0531,
            0.9962,
            1.0193,
            1.0246,
            0.9921,
            0.9946,
            1.0119,
            1.0127,
            1.0478,
            1.0169,
            1.0214,
            1.076,
            0.9947,
            1.0124,
            0.9917,
            0.9849,
            1.0242,
            1.0168,
            1.0038,
            1.025,
            1.0099,
            1.0872,
            1.0443,
            1.0569,
            1.0129,
            0.9915,
            0.9892,
            1.0827,
            1.0514,
            1.0156,
            1.001,
            1.0017,
            1.1477,
            1.0196,
            1.0251,
            1.095,
            1.0154,
            1.1095,
            1.0489,
            0.993,
            1.0415,
            1.1373,
            1.025,
            1.0201,
            1.0009,
            1.0642,
            0.9801,
            1.0381,
            1.0857,
            1.0149,
            0.9914,
            1.0603,
            1.0036,
            1.0421,
            0.9893,
            0.9,
            0.9979,
            1.0384,
            1.1005,
            1.0122,
            1.0338,
            1.0586,
            1.1193,
            1.0475,
            1.0681,
            1.0253,
            1.0037,
            1.0036,
            1.0352,
            1.0508,
            0.984,
            1.0386,
            0.9986,
            1.0262,
            0.9956,
            1.0174,
            1.1376,
            1.0756,
            1.0195,
            0.9925,
            1.0491,
            1.0003,
            1.0437,
            1.0361,
            0.9985,
            1.0051,
            0.9899,
            0.9926,
            1.0235,
            1.0528,
            1.0089,
            1.0197,
            1.0277,
            1.0339,
            1.0046,
            1.0021,
            0.9934,
            0.9895,
            1.0303,
            1.0155,
            0.9986,
            0.9984,
            0.9995,
            1.018,
            1.034,
            1.0298,
            1.0736,
            0.9834,
            1.0607,
            0.9739,
            1.0047,
            0.9891,
            1.1313,
            0.9774,
            1.0206,
            0.964,
            1.0209,
            1.0227,
            1.0387,
            1.0418,
            1.0643,
            1.0149,
            0.9957,
            0.9475,
            1.0058,
            0.9912,
            0.9686,
            0.9747,
            1.0359,
            0.9723,
            1.0062,
            1.1465,
            1.0421,
            0.9823,
            0.9547,
            0.9147,
            1.0246,
            0.9783,
            1.0126,
            1.0409,
            0.9618,
            0.9834,
            1.0167,
            1.0003,
            0.9732,
            1.0017,
            1.0395,
            0.9272,
            1.0189,
            0.9935,
            1.0378,
            1.0459,
            1.029,
            1.0113,
            1.0002,
            1.0678,
            0.9956,
            0.9673,
            1.0695,
            1.0058,
            0.9874,
            0.9773,
            1.2118,
            1.0249,
            1.1395,
            1.0391,
            1.0033,
            1.0763,
            0.9761,
            1.0388,
            1.055,
            0.9929,
            1.0597,
            1.0065,
            1.0259,
            1.0126,
            0.9947,
            1.103,
            1.0352,
            0.9879,
            0.9988,
            0.9619,
            1.0566,
            1.0072,
            0.9536,
            1.2734,
            1.0374,
            0.8929,
            0.9642,
            1.0433,
            1.0608,
            1.0013,
            1.0287,
            1.0174,
            1.0842,
            1.0453,
            0.9936,
            1.0629,
            1.034,
            1.031,
            1.0387,
            0.9935,
            1.1145,
            0.9655,
            1.0254,
            0.9803,
            1.031,
            1.0945,
            1.0835,
            1.0438,
            0.9604,
            0.9828,
            1.0498,
            0.9958,
            1.0344,
            1.0682,
            1.0503,
            1.0337,
            1.0739,
            1.0234,
            1.0383,
            1.0737,
            0.9988,
            1.0758,
            1.0426,
            1.0233,
            0.9744,
            1.0553,
            1.0109,
            1.0879,
            1.0255,
            1.0811,
            1.0234,
            0.9897,
            0.9549,
            0.9988,
            1.0123,
            1.0554,
            0.9735,
            1.0289,
            1.0292,
            0.993,
            1.0143,
            1.0501,
            1.0955,
            1.0391,
            1.0106,
            1.0213,
            1.1216,
            1.0025,
            1.0209,
            1.0219,
            1.0407,
            1.0275,
            0.9589,
            1.03,
            1.0234,
            1.1075,
            1.0282,
            1.0451,
            1.0174,
            0.9603,
            0.9874,
            1.0616,
            1.0477,
            1.0258,
            0.989,
            1.0361,
            0.9988,
            0.9822,
            1.0268,
            1.0515,
            1.0075,
            1.0445,
            1.0218,
            1.0453,
            1.0125,
            1.0168,
            0.9882,
            1.02,
            1.0124,
            0.968,
            1.1309,
            1.0527,
            1.0042,
            1.0519,
            1.03,
            1.023,
            0.999,
            1.034,
            0.9947,
            1.1122,
            1.0604,
            1.011,
            0.8873,
            0.9889,
            1.0033,
            1.0431,
            0.9716,
            0.9819,
            1.0087,
            1.0443,
            1.045,
            1.0267,
            0.9701,
            1.0134,
            1.0545,
            1.0195,
            1.0478,
            1.0418,
            1.0085,
            1.0209,
            1.0202,
            1.089,
            1.0625,
            1.0255,
            1.0448,
            1.0381,
            0.9906,
            0.9647,
            1.0786,
            1.0293,
            1.0641,
            1.0224,
            0.9633,
            0.9904,
            1.003,
            1.0076,
            1.0455,
            1.0682,
            1.0791,
            1.0378,
            1.3322,
            1.0254,
            1.1012,
            1.0441,
            1.05,
            1.0613,
            1.0943,
            1.0695,
            0.9923,
            1.0422,
            1.0115,
            1.0157,
            1.0231,
            0.9606,
            1.0352,
            1.0175,
            1.0916,
            1.0181,
            1.0102,
            1.0151,
            0.9739,
            1.0241,
            1.011,
            1.0176,
            1.0484,
            1.0517,
            1.0374,
            1.0282,
            0.9983,
            1.0264,
            1.0083,
            1.0159,
            1.0256,
            1.03,
            0.9674,
            0.996,
            1.0466,
            1.0149,
            0.9336,
            0.9813,
            1.0514,
            1.0944,
            1.0726,
            1.0635,
            1.0212,
            1.0634,
            1.0537,
            1.0215,
            1.0219,
            1.102,
            1.0359,
            0.9992,
            0.9982,
            1.0347,
            1.0292,
            1.0591,
            1.0286,
            1.0144,
            1.0502,
            1.0328,
            1.026,
            0.994,
            1.0011,
            1.019,
            1.0241,
            1.0273,
            1.0492,
            1.0696,
            1.0635,
            1.0839,
            1.0231,
            1.0181,
            1.0317,
            1.0293,
            0.9274,
            1.1618,
            1.0146,
            1.0169,
            1.0259,
            1.0496,
            1.0168,
            0.9346,
            0.9819,
            1.0371,
            1.0024,
            1.2593,
            1.0288,
            1.05,
            1.0358,
            1.0731,
            1.0181,
            1.0674
        ]
    },
    "globalMetrics": {
        "testWeight": 20088,
        "targetAvg": [
            1.0328803265631223
        ],
        "targetStd": [
            0.13806685168312172
        ],
        "predictionAvg": [
            1.0321733053064535
        ],
        "predictionStd": [
            0.05107514099103752
        ]
    },
    "predictionPDF": {
        "x": [
            0.8368408863392739,
            0.8457605158072385,
            0.8546801452752032,
            0.8635997747431678,
            0.8725194042111325,
            0.8814390336790972,
            0.8903586631470618,
            0.8992782926150265,
            0.9081979220829911,
            0.9171175515509558,
            0.9260371810189205,
            0.9349568104868851,
            0.9438764399548498,
            0.9527960694228145,
            0.9617156988907791,
            0.9706353283587438,
            0.9795549578267084,
            0.9884745872946731,
            0.9973942167626377,
            1.0063138462306025,
            1.015233475698567,
            1.0241531051665316,
            1.0330727346344963,
            1.041992364102461,
            1.0509119935704256,
            1.0598316230383904,
            1.068751252506355,
            1.0776708819743197,
            1.0865905114422842,
            1.095510140910249,
            1.1044297703782135,
            1.1133493998461783,
            1.1222690293141429,
            1.1311886587821076,
            1.1401082882500722,
            1.149027917718037,
            1.1579475471860015,
            1.1668671766539662,
            1.175786806121931,
            1.1847064355898955,
            1.19362606505786,
            1.2025456945258248,
            1.2114653239937896,
            1.2203849534617541,
            1.2293045829297187,
            1.2382242123976834,
            1.2471438418656482,
            1.2560634713336127,
            1.2649831008015773,
            1.273902730269542,
            1.2828223597375068,
            1.2917419892054713,
            1.300661618673436,
            1.3095812481414006,
            1.3185008776093654,
            1.32742050707733,
            1.3363401365452947,
            1.3452597660132595,
            1.354179395481224,
            1.3630990249491886,
            1.3720186544171533,
            1.380938283885118,
            1.3898579133530826,
            1.3987775428210472,
            1.407697172289012,
            1.4166168017569767,
            1.4255364312249412,
            1.4344560606929058,
            1.4433756901608705,
            1.4522953196288353,
            1.4612149490967998,
            1.4701345785647644,
            1.4790542080327291,
            1.487973837500694,
            1.4968934669686584,
            1.5058130964366232,
            1.514732725904588,
            1.5236523553725525,
            1.532571984840517,
            1.5414916143084818,
            1.5504112437764466,
            1.559330873244411,
            1.5682505027123756,
            1.5771701321803404,
            1.5860897616483052,
            1.5950093911162697,
            1.6039290205842343,
            1.612848650052199,
            1.6217682795201638,
            1.6306879089881283,
            1.6396075384560929,
            1.6485271679240576,
            1.6574467973920224,
            1.666366426859987,
            1.6752860563279515,
            1.6842056857959162,
            1.693125315263881,
            1.7020449447318455,
            1.7109645741998103,
            1.7198842036677748
        ],
        "pdf": [
            0.0028295524378614202,
            0.0016064091048699134,
            0.0036526619986721395,
            0.013319827009069097,
            0.021738939371544905,
            0.031027422038796257,
            0.05617623298843819,
            0.07588952380762651,
            0.11374813167722517,
            0.17039111161261555,
            0.21859653030846404,
            0.2959338601607675,
            0.43736693101011737,
            0.7864664907255475,
            1.5465944111551433,
            2.4370729689073514,
            3.569500721224411,
            6.055583849063606,
            8.995955343438544,
            10.772051780209543,
            12.005351173908053,
            12.20671610147822,
            11.530815280220732,
            10.23443968784775,
            8.007987639694857,
            5.845442382324315,
            3.9620333709552757,
            2.666952066008131,
            2.0352196007329093,
            1.5816746716646795,
            1.0744128104702033,
            0.723045246920464,
            0.662952953843724,
            0.5309503893126425,
            0.40073951422930815,
            0.34016045423890007,
            0.3000286105904652,
            0.25516855523411813,
            0.19644210877088317,
            0.15942797233671765,
            0.13498043700453577,
            0.1243288882897844,
            0.12702923362923924,
            0.11162428442243179,
            0.09049648980276886,
            0.08948664115823074,
            0.08730881097071319,
            0.07588833430243515,
            0.06881380449429708,
            0.06601487175914046,
            0.06100298089905428,
            0.06040055674670672,
            0.059698390767990425,
            0.061099882455621576,
            0.05020981731504186,
            0.04728358072022712,
            0.05525002706153228,
            0.05008347459055547,
            0.04338402966008767,
            0.024500852479981718,
            0.012925483369404508,
            0.01629038413051554,
            0.017700771640663887,
            0.014170621924561115,
            0.014261124093614179,
            0.020178269904466552,
            0.02073870195422327,
            0.017949923919664344,
            0.013288814449816208,
            0.010369009359917483,
            0.018671866825579145,
            0.019802559798708253,
            0.012589270996979325,
            0.012945682454211863,
            0.012870168567359723,
            0.00570168945107022,
            0.0030006116503230322,
            0.004564703098150109,
            0.004903256459662062,
            0.004609558280774496,
            0.0054894110776318545,
            0.0070352539474568335,
            0.004813725242220282,
            0.003368177226220046,
            0.0022195252118933613,
            0.0029366736464410807,
            0.0031814258052499504,
            0.0030713671311999825,
            0.0011941531210479161,
            0.00010054102018345755,
            1.7096571051378733e-06,
            5.843288103897399e-09,
            4.012813837323733e-12,
            1.3571247033155832e-15,
            5.4734374208787595e-12,
            7.492194022272155e-09,
            2.0605894031159173e-06,
            0.00011386952139497466,
            0.0012643203120463957,
            0.002820592337968177
        ]
    }
}