{
  "state": "DONE",
  "preSearchDescription": {
    "gridLength": 3,
    "searchStrategy": "GRID",
    "importantParams": [
      {
        "name": "alpha",
        "vals": [
          "0.1",
          "1.0",
          "3.0"
        ]
      }
    ]
  },
  "postSearchDescription": {
    "importantParams": [
      {
        "name": "alpha",
        "val": "0.1"
      }
    ]
  },
  "resumed": false,
  "timeOrderingEnabled": false,
  "sampleWeightsEnabled": false,
  "modelId": "m1",
  "progress": {
    "top_level_todo": [],
    "stack": [],
    "top_level_done": [
      {
        "name": "Loading train set",
        "time": 359
      },
      {
        "name": "Loading test set",
        "time": 86
      },
      {
        "name": "Collecting statistics",
        "time": 123
      },
      {
        "name": "Preprocessing train set",
        "time": 462
      },
      {
        "name": "Preprocessing test set",
        "time": 69
      },
      {
        "name": "Hyperparameter searching",
        "time": 83700
      },
      {
        "name": "Fitting model",
        "time": 5124
      },
      {
        "name": "Saving model",
        "time": 3471
      },
      {
        "name": "Scoring model",
        "time": 13968
      }
    ]
  },
  "startTime": 1650483520177,
  "endTime": 1650483629461,
  "preprocessingTime": 1117,
  "trainingTime": 108167,
  "hyperparamsSearchTime": 83700
}