{
    "startedAt": 1650483521666,
    "gridSize": 2,
    "nThreads": 4,
    "nSplits": 5,
    "metric": "R2",
    "timeout": null,
    "gridPoints": [
        {
            "finishedAt": 1650483604116,
            "score": 0.55549971341749,
            "testScoreGibMean": 0.55549971341749,
            "testScoreMean": 0.55549971341749,
            "testScoreStd": 0.008735178898893114,
            "trainScoreMean": 0.5644896322789592,
            "trainScoreStd": 0.005953518993331741,
            "time": 212326,
            "fitTimeMean": 41359.4,
            "fitTimeStd": 1435.4673942657143,
            "scoreTimeMean": 1105.8,
            "scoreTimeStd": 137.965792861854,
            "best_iteration": null,
            "parameters": {
                "max_depth": 6,
                "max_features": "auto",
                "min_samples_leaf": 10,
                "n_estimators": 100,
                "min_samples_split": 30
            }
        },
        {
            "finishedAt": 1650483639468,
            "score": 0.8780564427554393,
            "testScoreGibMean": 0.8780564427554393,
            "testScoreMean": 0.8780564427554393,
            "testScoreStd": 0.002106464581766178,
            "trainScoreMean": 0.8988301134444078,
            "trainScoreStd": 0.0007221364637894467,
            "time": 211218,
            "fitTimeMean": 41059.0,
            "fitTimeStd": 11669.206194081926,
            "scoreTimeMean": 1184.6,
            "scoreTimeStd": 500.5878943801978,
            "best_iteration": null,
            "parameters": {
                "max_depth": 13,
                "max_features": "auto",
                "min_samples_leaf": 10,
                "n_estimators": 100,
                "min_samples_split": 30
            }
        }
    ]
}