[
    {
        "test_score_gib": 0.568386847051629,
        "train_score": 0.5536405577358166,
        "test_score": 0.568386847051629,
        "num_samples": 15983,
        "fit_time": 41920,
        "score_time": 1027,
        "time": 42947,
        "parameters": {
            "max_depth": 6,
            "max_features": "auto",
            "min_samples_leaf": 10,
            "n_estimators": 100,
            "min_samples_split": 30
        },
        "best_iteration": null,
        "done_at": 1650483564646,
        "split_id": 0
    },
    {
        "test_score_gib": 0.549976748636354,
        "train_score": 0.5704950725591169,
        "test_score": 0.549976748636354,
        "num_samples": 15983,
        "fit_time": 42312,
        "score_time": 1323,
        "time": 43635,
        "parameters": {
            "max_depth": 6,
            "max_features": "auto",
            "min_samples_leaf": 10,
            "n_estimators": 100,
            "min_samples_split": 30
        },
        "best_iteration": null,
        "done_at": 1650483565347,
        "split_id": 1
    },
    {
        "test_score_gib": 0.5596874477174596,
        "train_score": 0.5690176990010145,
        "test_score": 0.5596874477174596,
        "num_samples": 15982,
        "fit_time": 41931,
        "score_time": 1161,
        "time": 43092,
        "parameters": {
            "max_depth": 6,
            "max_features": "auto",
            "min_samples_leaf": 10,
            "n_estimators": 100,
            "min_samples_split": 30
        },
        "best_iteration": null,
        "done_at": 1650483564834,
        "split_id": 2
    },
    {
        "test_score_gib": 0.5568181411100961,
        "train_score": 0.5658508442535973,
        "test_score": 0.5568181411100961,
        "num_samples": 15982,
        "fit_time": 42131,
        "score_time": 1109,
        "time": 43240,
        "parameters": {
            "max_depth": 6,
            "max_features": "auto",
            "min_samples_leaf": 10,
            "n_estimators": 100,
            "min_samples_split": 30
        },
        "best_iteration": null,
        "done_at": 1650483565005,
        "split_id": 3
    },
    {
        "test_score_gib": 0.5426289217929818,
        "train_score": 0.5634442909133434,
        "test_score": 0.5426289217929818,
        "num_samples": 15982,
        "fit_time": 38503,
        "score_time": 909,
        "time": 39412,
        "parameters": {
            "max_depth": 6,
            "max_features": "auto",
            "min_samples_leaf": 10,
            "n_estimators": 100,
            "min_samples_split": 30
        },
        "best_iteration": null,
        "done_at": 1650483604116,
        "split_id": 4
    },
    {
        "test_score_gib": 0.8773635592458731,
        "train_score": 0.8981690918569006,
        "test_score": 0.8773635592458731,
        "num_samples": 15983,
        "fit_time": 49878,
        "score_time": 1470,
        "time": 51348,
        "parameters": {
            "max_depth": 13,
            "max_features": "auto",
            "min_samples_leaf": 10,
            "n_estimators": 100,
            "min_samples_split": 30
        },
        "best_iteration": null,
        "done_at": 1650483616225,
        "split_id": 0
    },
    {
        "test_score_gib": 0.8808766196289879,
        "train_score": 0.8999594760876478,
        "test_score": 0.8808766196289879,
        "num_samples": 15983,
        "fit_time": 50731,
        "score_time": 1549,
        "time": 52280,
        "parameters": {
            "max_depth": 13,
            "max_features": "auto",
            "min_samples_leaf": 10,
            "n_estimators": 100,
            "min_samples_split": 30
        },
        "best_iteration": null,
        "done_at": 1650483617308,
        "split_id": 1
    },
    {
        "test_score_gib": 0.8784730794451961,
        "train_score": 0.8990594864729591,
        "test_score": 0.8784730794451961,
        "num_samples": 15982,
        "fit_time": 50349,
        "score_time": 1687,
        "time": 52036,
        "parameters": {
            "max_depth": 13,
            "max_features": "auto",
            "min_samples_leaf": 10,
            "n_estimators": 100,
            "min_samples_split": 30
        },
        "best_iteration": null,
        "done_at": 1650483617426,
        "split_id": 2
    },
    {
        "test_score_gib": 0.8745103407291974,
        "train_score": 0.8990284707015778,
        "test_score": 0.8745103407291974,
        "num_samples": 15982,
        "fit_time": 31489,
        "score_time": 856,
        "time": 32345,
        "parameters": {
            "max_depth": 13,
            "max_features": "auto",
            "min_samples_leaf": 10,
            "n_estimators": 100,
            "min_samples_split": 30
        },
        "best_iteration": null,
        "done_at": 1650483636463,
        "split_id": 3
    },
    {
        "test_score_gib": 0.8790584816223622,
        "train_score": 0.8979340127986699,
        "test_score": 0.8790584816223622,
        "num_samples": 15982,
        "fit_time": 22848,
        "score_time": 361,
        "time": 23209,
        "parameters": {
            "max_depth": 13,
            "max_features": "auto",
            "min_samples_leaf": 10,
            "n_estimators": 100,
            "min_samples_split": 30
        },
        "best_iteration": null,
        "done_at": 1650483639468,
        "split_id": 4
    }
]