{
    "metrics": {
        "evs": 0.8847345878977704,
        "mape": 0.010407573713418954,
        "mae": 0.013095271188787257,
        "mse": 0.00219770900535764,
        "rmse": 0.046879729151922796,
        "rmsle": 0.020157912173060108,
        "r2": 0.8847043387986828,
        "pearson": 0.9407335053171397
    },
    "processed_feature_names": [
        "distance",
        "price",
        "Hour",
        "Time Stamp_parsed_day",
        "Time Stamp_parsed_month",
        "dummy:product_id:lyft_premier",
        "dummy:product_id:lyft_lux",
        "dummy:product_id:lyft_line",
        "dummy:product_id:lyft",
        "dummy:product_id:lyft_luxsuv",
        "dummy:product_id:lyft_plus",
        "dummy:product_id:N/A",
        "dummy:product_id:__Others__",
        "dummy:destination:Financial District",
        "dummy:destination:Fenway",
        "dummy:destination:North Station",
        "dummy:destination:Haymarket Square",
        "dummy:destination:Northeastern University",
        "dummy:destination:Beacon Hill",
        "dummy:destination:North End",
        "dummy:destination:Boston University",
        "dummy:destination:Back Bay",
        "dummy:destination:Theatre District",
        "dummy:destination:South Station",
        "dummy:destination:West End",
        "dummy:destination:N/A",
        "dummy:destination:__Others__",
        "dummy:name:Lux",
        "dummy:name:Lux Black",
        "dummy:name:Shared",
        "dummy:name:Lyft",
        "dummy:name:Lux Black XL",
        "dummy:name:Lyft XL",
        "dummy:name:N/A",
        "dummy:name:__Others__",
        "dummy:source:Financial District",
        "dummy:source:South Station",
        "dummy:source:North End",
        "dummy:source:Boston University",
        "dummy:source:Beacon Hill",
        "dummy:source:Theatre District",
        "dummy:source:Back Bay",
        "dummy:source:Haymarket Square",
        "dummy:source:West End",
        "dummy:source:Fenway",
        "dummy:source:North Station",
        "dummy:source:Northeastern University",
        "dummy:source:N/A",
        "dummy:source:__Others__"
    ],
    "regression_performance": {
        "error_distribution": [
            {
                "bin_id": 0,
                "bin_min": -0.07979454201851087,
                "bin_max": -0.05599976796351167,
                "count": 572
            },
            {
                "bin_id": 1,
                "bin_min": -0.05599976796351167,
                "bin_max": -0.0324405857308392,
                "count": 278
            },
            {
                "bin_id": 2,
                "bin_min": -0.0324405857308392,
                "bin_max": -0.00888140349816674,
                "count": 1494
            },
            {
                "bin_id": 3,
                "bin_min": -0.00888140349816674,
                "bin_max": 0.014677778734505736,
                "count": 16819
            },
            {
                "bin_id": 4,
                "bin_min": 0.014677778734505736,
                "bin_max": 0.03823696096717821,
                "count": 121
            },
            {
                "bin_id": 5,
                "bin_min": 0.03823696096717821,
                "bin_max": 0.06179614319985066,
                "count": 97
            },
            {
                "bin_id": 6,
                "bin_min": 0.06179614319985066,
                "bin_max": 0.08535532543252314,
                "count": 85
            },
            {
                "bin_id": 7,
                "bin_min": 0.08535532543252314,
                "bin_max": 0.10891450766519561,
                "count": 64
            },
            {
                "bin_id": 8,
                "bin_min": 0.10891450766519561,
                "bin_max": 0.1324736898978681,
                "count": 79
            },
            {
                "bin_id": 9,
                "bin_min": 0.1324736898978681,
                "bin_max": 0.15603287213054057,
                "count": 479
            }
        ],
        "raw_min_error": -0.5556592349039271,
        "min_error": -0.07955895019618414,
        "p25_error": -0.0014126942655934283,
        "median_error": 0.0,
        "average_error": 0.0005688112900896508,
        "std_error": 0.030175766848753456,
        "p75_error": 0.0,
        "p90_error": 0.0,
        "max_error": 0.15603287213054057,
        "raw_max_error": 0.6312044573720315
    },
    "scatterPlotData": {
        "x": [
            1.0,
            1.0,
            1.0,
            1.0,
            1.0,
            1.0,
            1.0,
            1.0,
            1.25,
            1.0,
            1.0,
            1.0,
            1.0,
            1.0,
            1.0,
            1.75,
            1.0,
            1.0,
            1.0,
            1.0,
            1.0,
            1.0,
            1.0,
            1.0,
            1.0,
            1.0,
            1.0,
            1.0,
            2.0,
            1.0,
            1.0,
            1.0,
            1.0,
            1.0,
            1.0,
            1.0,
            1.0,
            1.0,
            1.0,
            1.0,
            1.0,
            1.0,
            1.0,
            1.0,
            1.0,
            1.0,
            1.0,
            1.0,
            1.0,
            1.0,
            1.0,
            1.25,
            1.0,
            1.25,
            1.0,
            1.25,
            1.0,
            2.0,
            1.0,
            1.0,
            1.0,
            1.0,
            1.0,
            1.0,
            1.0,
            1.0,
            1.0,
            1.0,
            1.0,
            1.0,
            1.0,
            1.0,
            1.0,
            1.0,
            1.0,
            1.0,
            1.0,
            1.0,
            1.0,
            1.0,
            1.0,
            1.0,
            1.0,
            1.0,
            1.0,
            2.0,
            1.0,
            1.0,
            1.0,
            1.0,
            1.0,
            1.0,
            1.0,
            1.0,
            1.0,
            1.0,
            1.0,
            1.0,
            1.0,
            1.0,
            1.0,
            1.0,
            1.0,
            2.0,
            1.0,
            2.0,
            1.0,
            1.0,
            1.0,
            1.0,
            1.0,
            1.0,
            1.0,
            1.0,
            1.0,
            1.0,
            1.0,
            1.0,
            1.0,
            1.0,
            1.0,
            1.0,
            1.0,
            1.0,
            1.0,
            1.0,
            1.0,
            1.0,
            1.25,
            1.0,
            1.25,
            1.0,
            1.0,
            1.0,
            1.0,
            1.0,
            1.0,
            1.0,
            1.0,
            1.0,
            1.0,
            1.0,
            1.0,
            1.0,
            1.25,
            1.0,
            1.0,
            1.0,
            1.0,
            1.0,
            1.0,
            1.0,
            1.0,
            1.0,
            1.0,
            1.0,
            1.0,
            1.0,
            1.0,
            1.0,
            1.0,
            1.0,
            1.0,
            1.0,
            1.0,
            1.0,
            1.0,
            1.0,
            1.0,
            1.0,
            1.0,
            1.0,
            1.0,
            1.0,
            1.0,
            1.0,
            1.0,
            1.0,
            1.0,
            1.0,
            1.0,
            1.0,
            1.0,
            1.0,
            1.0,
            1.0,
            1.0,
            1.0,
            1.0,
            1.0,
            1.0,
            1.0,
            1.0,
            1.0,
            1.0,
            1.0,
            1.0,
            1.0,
            1.0,
            1.0,
            1.0,
            1.5,
            1.0,
            1.0,
            1.0,
            1.0,
            1.0,
            1.0,
            1.0,
            1.0,
            1.0,
            1.0,
            1.0,
            1.0,
            1.0,
            1.0,
            1.5,
            1.0,
            1.0,
            1.0,
            1.0,
            1.0,
            1.0,
            1.0,
            1.0,
            1.0,
            1.0,
            1.0,
            1.0,
            1.25,
            1.0,
            2.0,
            1.0,
            1.0,
            1.0,
            1.0,
            1.0,
            1.0,
            1.0,
            1.0,
            1.0,
            1.0,
            1.0,
            1.0,
            1.75,
            1.0,
            1.0,
            1.0,
            1.0,
            1.0,
            1.0,
            1.0,
            2.0,
            1.0,
            1.0,
            1.0,
            1.0,
            1.0,
            1.0,
            1.0,
            1.0,
            1.0,
            1.0,
            1.0,
            1.25,
            1.0,
            1.0,
            1.0,
            1.0,
            1.0,
            1.0,
            1.0,
            1.0,
            1.0,
            1.0,
            1.0,
            1.0,
            1.0,
            1.0,
            1.0,
            1.0,
            1.0,
            1.0,
            1.0,
            1.0,
            1.0,
            1.0,
            1.0,
            1.0,
            1.0,
            1.0,
            1.0,
            1.0,
            1.25,
            1.0,
            1.25,
            1.5,
            1.0,
            1.0,
            1.0,
            1.0,
            1.0,
            1.0,
            1.0,
            1.0,
            1.0,
            1.0,
            1.0,
            1.0,
            1.0,
            1.0,
            1.0,
            1.0,
            1.0,
            1.25,
            1.0,
            1.0,
            1.0,
            1.0,
            1.0,
            1.0,
            1.0,
            1.0,
            1.0,
            1.0,
            1.0,
            1.0,
            1.0,
            1.0,
            1.0,
            1.0,
            1.0,
            1.0,
            1.0,
            1.0,
            1.0,
            1.0,
            1.0,
            1.0,
            1.0,
            1.0,
            1.0,
            1.0,
            1.0,
            1.0,
            1.0,
            1.0,
            1.0,
            1.0,
            1.0,
            1.0,
            1.25,
            1.0,
            1.0,
            1.25,
            1.0,
            1.0,
            1.0,
            1.0,
            1.0,
            1.0,
            1.0,
            1.0,
            1.0,
            1.0,
            1.0,
            1.0,
            1.0,
            1.0,
            1.0,
            1.0,
            1.0,
            1.0,
            1.0,
            1.0,
            1.0,
            1.0,
            1.75,
            1.0,
            1.0,
            1.0,
            1.0,
            1.0,
            1.0,
            1.0,
            1.0,
            1.0,
            1.0,
            1.0,
            1.0,
            1.0,
            1.0,
            1.0,
            1.5,
            1.25,
            1.0,
            1.0,
            1.0,
            1.0,
            1.25,
            1.0,
            1.0,
            1.0,
            1.0,
            1.0,
            1.0,
            1.0,
            1.5,
            1.0,
            1.0,
            1.0,
            1.0,
            1.0,
            1.0,
            1.0,
            1.0,
            1.0,
            1.0,
            1.25,
            1.0,
            1.0,
            1.0,
            1.0,
            1.0,
            1.0,
            1.0,
            1.0,
            1.0,
            1.0,
            1.0,
            1.0,
            1.0,
            1.0,
            1.0,
            1.0,
            1.0,
            1.0,
            1.75,
            1.0,
            1.0,
            1.0,
            1.0,
            1.0,
            1.0,
            1.0,
            1.5,
            1.0,
            1.0,
            1.0,
            1.0,
            1.0,
            1.0,
            1.0,
            1.25,
            1.0,
            1.0,
            1.0,
            1.0,
            1.0,
            1.0,
            1.0,
            1.0,
            1.0,
            1.0,
            1.0,
            1.0,
            1.0,
            1.25,
            1.0,
            1.0,
            1.0,
            1.0,
            1.25,
            1.0,
            1.0,
            1.0,
            1.0,
            1.0,
            1.0,
            1.25,
            1.0,
            1.0,
            1.0,
            1.0,
            1.0,
            1.0,
            1.0,
            1.0,
            1.0,
            1.0,
            1.0,
            1.0,
            1.0,
            1.0,
            2.0,
            1.0,
            1.0,
            1.0,
            1.5,
            1.0,
            1.0,
            1.0,
            1.0,
            1.0,
            1.0,
            1.0,
            1.0,
            1.0,
            1.0,
            1.0,
            1.0,
            1.0,
            1.0,
            1.0,
            1.25,
            1.0,
            1.0,
            1.0,
            1.0,
            1.0,
            1.0,
            1.0,
            1.0,
            1.0,
            1.0,
            1.0,
            1.0,
            1.0,
            1.0,
            1.0,
            1.0,
            1.0,
            1.0,
            1.0,
            1.0,
            1.0,
            1.0,
            1.0,
            1.0,
            1.0,
            1.0,
            1.0,
            1.0,
            1.0,
            1.0,
            1.0,
            1.0,
            1.0,
            1.0,
            1.0,
            1.0,
            1.0,
            1.0,
            1.0,
            1.0,
            1.0,
            1.5,
            1.0,
            1.0,
            1.0,
            1.0,
            1.0,
            1.0,
            2.0,
            1.0,
            1.0,
            1.0,
            1.0,
            1.0,
            1.0,
            1.0,
            1.0,
            1.0,
            1.0,
            1.0,
            1.0,
            1.0,
            1.0,
            1.0,
            1.0,
            1.0,
            1.0,
            1.0,
            1.0,
            1.0,
            1.0,
            1.0,
            1.0,
            1.0,
            1.0,
            1.0,
            1.0,
            1.0,
            1.0,
            1.0,
            1.0,
            1.0,
            1.0,
            1.0,
            1.0,
            1.0,
            1.0,
            1.0,
            1.0,
            1.0,
            1.0,
            1.0,
            1.0,
            1.25,
            1.0,
            1.0,
            1.0,
            1.0,
            1.5,
            1.0,
            1.0,
            1.0,
            2.0,
            1.0,
            1.0,
            1.0,
            1.0,
            1.0,
            1.0,
            1.0,
            1.0,
            1.0,
            1.0,
            1.0,
            1.0,
            1.0,
            1.0,
            1.0,
            1.0,
            1.0,
            1.0,
            1.0,
            1.0,
            1.25,
            1.0,
            1.0,
            1.0,
            1.0,
            1.0,
            1.0,
            1.0,
            1.0,
            1.0,
            1.0,
            1.0,
            1.0,
            1.0,
            1.75,
            1.0,
            1.0,
            1.0,
            1.0,
            1.0,
            1.0,
            1.0,
            1.0,
            1.0,
            1.0,
            1.0,
            1.0,
            1.0,
            1.0,
            1.0,
            1.0,
            1.0,
            1.0,
            1.0,
            1.0,
            1.0,
            1.0,
            1.0,
            1.0,
            1.0,
            1.0,
            1.0,
            1.0,
            1.0,
            1.0,
            1.0,
            1.0,
            1.0,
            1.0,
            1.0,
            1.0,
            1.0,
            1.0,
            1.0,
            1.0,
            1.0,
            1.0,
            1.0,
            1.0,
            1.0,
            1.0,
            1.0,
            1.0,
            1.0,
            1.0,
            1.0,
            1.0,
            1.0,
            1.0,
            1.25,
            1.0,
            1.0,
            1.0,
            1.0,
            1.0,
            1.0,
            1.0,
            1.0,
            1.0,
            1.0,
            1.0,
            1.0,
            1.0,
            1.0,
            1.0,
            1.0,
            1.0,
            1.0,
            1.0,
            1.0,
            1.0,
            1.0,
            1.0,
            1.0,
            1.0,
            1.0,
            1.0,
            1.0,
            1.0,
            1.0,
            1.5,
            1.0,
            1.0,
            1.0,
            1.0,
            1.0,
            1.0,
            1.0,
            1.0,
            1.0,
            1.0,
            1.0,
            1.0,
            1.0,
            1.0,
            1.25,
            1.0,
            1.0,
            1.0,
            1.0,
            1.0,
            1.0,
            1.0,
            1.5,
            1.0,
            1.0,
            1.0,
            1.0,
            1.0,
            1.0,
            1.0,
            1.0,
            1.25,
            1.0,
            1.0,
            1.0,
            1.0,
            1.0,
            1.0,
            1.0,
            1.5,
            1.0,
            1.0,
            1.0,
            1.0,
            1.0,
            1.5,
            1.0,
            1.0,
            1.0,
            1.0,
            1.0,
            1.0,
            1.0,
            1.0,
            1.0,
            1.0,
            1.0,
            1.0,
            1.0,
            1.0,
            1.0,
            1.0,
            1.0,
            1.0,
            1.0,
            1.0,
            1.0,
            1.0,
            1.0,
            1.0,
            1.0,
            1.0,
            1.0,
            1.0,
            1.0,
            1.0,
            1.0,
            1.0,
            1.0,
            1.0,
            1.0,
            1.0,
            1.0,
            1.0,
            1.0,
            1.0,
            1.0,
            1.0,
            1.0,
            1.0,
            1.0,
            1.0,
            1.0,
            1.0,
            1.25,
            1.0,
            1.0,
            1.0,
            1.0,
            1.0,
            1.0,
            1.0,
            1.0,
            1.0,
            1.0,
            1.0,
            1.0,
            1.0,
            1.0,
            1.0,
            1.0,
            1.0,
            1.0,
            1.0,
            1.0,
            1.0,
            1.0,
            1.0,
            1.0,
            1.0,
            1.0,
            1.0,
            1.25,
            1.0,
            1.0,
            1.0,
            1.0,
            1.0,
            1.25,
            1.25,
            1.0,
            1.0,
            1.0,
            1.0,
            1.0,
            1.0,
            1.0,
            1.0,
            1.0,
            1.0,
            1.0,
            1.0,
            1.0,
            1.0,
            1.0,
            1.0,
            1.0,
            1.0,
            1.0,
            1.0,
            1.0,
            1.0,
            1.0,
            1.0,
            1.0,
            1.0,
            1.0,
            1.25,
            1.0,
            1.0,
            1.0,
            1.0,
            1.0,
            1.0,
            1.0,
            1.0,
            1.0,
            1.0,
            1.0,
            1.5,
            1.0,
            1.0,
            1.0,
            1.0,
            1.0,
            1.0,
            1.0,
            1.0,
            1.0,
            1.0,
            1.0,
            1.0,
            1.0,
            1.0,
            1.0,
            1.0,
            1.0,
            1.0,
            1.0,
            1.0,
            1.0,
            1.0,
            1.0,
            1.0,
            1.0,
            1.0,
            1.0,
            1.0,
            1.0,
            1.0,
            1.0,
            1.0,
            1.0,
            1.0,
            1.0,
            1.0,
            1.0,
            1.0,
            1.0,
            1.0,
            1.25,
            1.0,
            1.0,
            1.0,
            1.0,
            1.0,
            1.0,
            1.0,
            1.25,
            1.0,
            1.0,
            1.0,
            1.0,
            1.0,
            1.0,
            1.0,
            1.0,
            1.0,
            1.0,
            1.0,
            1.0,
            1.0,
            1.0,
            1.0,
            1.0,
            1.0,
            1.0,
            1.0,
            1.25,
            1.0,
            1.0,
            1.25,
            1.0,
            1.0,
            2.0,
            1.0,
            1.0,
            1.0,
            1.0,
            1.0,
            1.0,
            1.0,
            1.0,
            1.0,
            2.0,
            1.0,
            1.0,
            1.0,
            1.0,
            1.0,
            1.25
        ],
        "y": [
            1.0,
            1.0,
            1.0,
            1.0,
            1.0143,
            1.0005,
            1.0,
            1.0002,
            1.0119,
            1.0,
            1.0,
            1.0,
            1.0,
            1.0009,
            1.0,
            1.7434,
            1.0,
            1.0153,
            1.0,
            1.0354,
            1.0006,
            1.0168,
            1.0033,
            1.0,
            1.0,
            1.0,
            1.0035,
            1.0,
            1.9749,
            1.0,
            1.0,
            1.0033,
            1.0059,
            1.1148,
            1.0,
            1.0013,
            1.0,
            1.0,
            1.0003,
            1.0015,
            1.0,
            1.0,
            1.0595,
            1.0001,
            1.0,
            1.0,
            1.0,
            1.0,
            1.0173,
            1.0038,
            1.0,
            1.1228,
            1.0002,
            1.0031,
            1.0033,
            1.2398,
            1.0008,
            1.9648,
            1.0001,
            1.0,
            1.0,
            1.0,
            1.012,
            1.0,
            1.0008,
            1.0,
            1.0154,
            1.0,
            1.0,
            1.0,
            1.0207,
            1.0986,
            1.0,
            1.0304,
            1.0,
            1.0053,
            1.0,
            1.0,
            1.0,
            1.0,
            1.0,
            1.0,
            1.0016,
            1.0003,
            1.0321,
            1.9742,
            1.0,
            1.0004,
            1.0235,
            1.0045,
            1.0039,
            1.0,
            1.0003,
            1.0424,
            1.0001,
            1.0039,
            1.0,
            1.0004,
            1.0,
            1.0,
            1.0013,
            1.0,
            1.0,
            1.9435,
            1.0,
            1.8485,
            1.0664,
            1.0,
            1.0966,
            1.0,
            1.0593,
            1.0005,
            1.0,
            1.0,
            1.0,
            1.0,
            1.0,
            1.0,
            1.0008,
            1.0106,
            1.011,
            1.0,
            1.0,
            1.0,
            1.0007,
            1.0,
            1.0002,
            1.0,
            1.127,
            1.0,
            1.0125,
            1.0,
            1.0114,
            1.0051,
            1.0009,
            1.0,
            1.0,
            1.0002,
            1.0,
            1.0198,
            1.0,
            1.0,
            1.0,
            1.0,
            1.0437,
            1.0023,
            1.0,
            1.0002,
            1.0,
            1.0147,
            1.0001,
            1.0,
            1.019,
            1.0,
            1.0,
            1.0,
            1.0,
            1.0,
            1.0,
            1.0,
            1.0483,
            1.0,
            1.0,
            1.0,
            1.0071,
            1.0,
            1.0002,
            1.0,
            1.0015,
            1.0,
            1.0004,
            1.0014,
            1.0,
            1.0,
            1.0009,
            1.0008,
            1.0,
            1.0,
            1.0,
            1.0,
            1.0,
            1.0014,
            1.0,
            1.0,
            1.0,
            1.0,
            1.0,
            1.0,
            1.0,
            1.0,
            1.0,
            1.0,
            1.0005,
            1.0075,
            1.0,
            1.0,
            1.032,
            1.0,
            1.0,
            1.0,
            1.0,
            1.6052,
            1.0072,
            1.0,
            1.0,
            1.0,
            1.0,
            1.0,
            1.0,
            1.0,
            1.0998,
            1.0,
            1.0518,
            1.0019,
            1.0,
            1.019,
            1.4975,
            1.0,
            1.0,
            1.0,
            1.0008,
            1.0,
            1.0,
            1.0,
            1.0,
            1.0015,
            1.0,
            1.0017,
            1.0033,
            1.2864,
            1.0,
            2.1512,
            1.0,
            1.0,
            1.0,
            1.0362,
            1.0286,
            1.1211,
            1.0008,
            1.0,
            1.0,
            1.0,
            1.0,
            1.0,
            1.7878,
            1.0228,
            1.0067,
            1.0,
            1.0,
            1.0,
            1.0004,
            1.0,
            1.9302,
            1.0,
            1.0,
            1.0,
            1.0,
            1.0,
            1.0007,
            1.0,
            1.0,
            1.0057,
            1.0041,
            1.0,
            1.0649,
            1.0,
            1.0033,
            1.0071,
            1.0,
            1.0001,
            1.0343,
            1.0002,
            1.0,
            1.012,
            1.0,
            1.0029,
            1.0,
            1.0,
            1.0268,
            1.0,
            1.0,
            1.0,
            1.0,
            1.0,
            1.0,
            1.0008,
            1.0,
            1.0013,
            1.0,
            1.0002,
            1.105,
            1.0,
            1.0,
            1.2331,
            1.0,
            1.3445,
            1.1485,
            1.0014,
            1.0097,
            1.0,
            1.0,
            1.0,
            1.0033,
            1.0277,
            1.0034,
            1.0,
            1.0,
            1.0005,
            1.0,
            1.0642,
            1.0005,
            1.0017,
            1.0,
            1.0,
            1.0107,
            1.0025,
            1.0,
            1.0003,
            1.0033,
            1.0,
            1.005,
            1.0,
            1.0,
            1.0,
            1.0,
            1.0321,
            1.0084,
            1.0006,
            1.0,
            1.0,
            1.0,
            1.0,
            1.0,
            1.0002,
            1.0083,
            1.0,
            1.0,
            1.0002,
            1.0,
            1.0001,
            1.0,
            1.0,
            1.0,
            1.0098,
            1.0009,
            1.0,
            1.0,
            1.0067,
            1.0008,
            1.0,
            1.0,
            1.0039,
            1.0,
            1.0,
            1.2383,
            1.0188,
            1.0,
            1.0,
            1.0035,
            1.0071,
            1.0,
            1.0034,
            1.0,
            1.0,
            1.0,
            1.006,
            1.0,
            1.0,
            1.0,
            1.0014,
            1.0,
            1.0,
            1.0033,
            1.0009,
            1.0,
            1.0,
            1.0018,
            1.825,
            1.0,
            1.0003,
            1.0,
            1.0,
            1.0,
            1.0,
            1.0,
            1.0,
            1.0103,
            1.0007,
            1.0,
            1.0158,
            1.0,
            1.0033,
            1.0005,
            1.5652,
            1.271,
            1.0,
            1.0191,
            1.0059,
            1.0076,
            1.2136,
            1.0008,
            1.0014,
            1.0,
            1.0002,
            1.0,
            1.0,
            1.158,
            1.084,
            1.0,
            1.0091,
            1.0,
            1.0013,
            1.0005,
            1.0,
            1.0,
            1.0,
            1.0,
            1.0005,
            1.0108,
            1.0277,
            1.0,
            1.0031,
            1.009,
            1.0028,
            1.0,
            1.0,
            1.0167,
            1.0,
            1.0,
            1.0004,
            1.0,
            1.0009,
            1.0,
            1.0,
            1.0,
            1.0014,
            1.0,
            1.7103,
            1.0,
            1.0,
            1.0,
            1.0,
            1.0,
            1.0,
            1.0035,
            1.4958,
            1.0,
            1.0,
            1.0,
            1.0,
            1.0,
            1.0,
            1.0042,
            1.0273,
            1.0,
            1.0,
            1.0,
            1.0106,
            1.0,
            1.0,
            1.118,
            1.0182,
            1.0,
            1.0002,
            1.0,
            1.0002,
            1.0037,
            1.2105,
            1.006,
            1.001,
            1.0013,
            1.0003,
            1.0342,
            1.0,
            1.0006,
            1.0106,
            1.0,
            1.0003,
            1.001,
            1.0216,
            1.0,
            1.0,
            1.0,
            1.0,
            1.0,
            1.0,
            1.0178,
            1.0,
            1.0004,
            1.0,
            1.0,
            1.0,
            1.0,
            1.0,
            1.9332,
            1.0002,
            1.0,
            1.0,
            1.476,
            1.0,
            1.0,
            1.0,
            1.0003,
            1.0466,
            1.0,
            1.0043,
            1.0668,
            1.0609,
            1.0227,
            1.0002,
            1.0033,
            1.0008,
            1.0069,
            1.0043,
            1.0132,
            1.0055,
            1.0001,
            1.0,
            1.0,
            1.0,
            1.0,
            1.0097,
            1.0001,
            1.0002,
            1.0006,
            1.0016,
            1.0,
            1.0,
            1.007,
            1.0,
            1.0,
            1.0,
            1.0003,
            1.0005,
            1.0725,
            1.0,
            1.0015,
            1.0004,
            1.0,
            1.0106,
            1.0,
            1.0,
            1.0133,
            1.0002,
            1.0,
            1.0,
            1.0,
            1.0,
            1.0,
            1.0,
            1.0001,
            1.02,
            1.0,
            1.0,
            1.0001,
            1.0,
            1.6636,
            1.0,
            1.0,
            1.0009,
            1.001,
            1.0009,
            1.0014,
            2.0118,
            1.0003,
            1.0005,
            1.0,
            1.0013,
            1.0,
            1.0,
            1.0,
            1.0001,
            1.0,
            1.0038,
            1.0022,
            1.2497,
            1.0109,
            1.0,
            1.0,
            1.0,
            1.0024,
            1.0,
            1.0,
            1.0,
            1.0,
            1.0,
            1.0704,
            1.0002,
            1.0,
            1.0,
            1.0002,
            1.0,
            1.0,
            1.0135,
            1.0003,
            1.0,
            1.0,
            1.0261,
            1.0079,
            1.0069,
            1.0,
            1.0,
            1.0,
            1.0,
            1.0,
            1.0,
            1.0002,
            1.0,
            1.1469,
            1.0,
            1.0,
            1.0,
            1.0,
            1.4128,
            1.0012,
            1.0,
            1.0137,
            1.8493,
            1.0,
            1.0,
            1.0,
            1.0,
            1.0,
            1.0,
            1.0608,
            1.0,
            1.0,
            1.0,
            1.0,
            1.0,
            1.0,
            1.0,
            1.0,
            1.001,
            1.0068,
            1.0015,
            1.0004,
            1.0396,
            1.1067,
            1.0019,
            1.0,
            1.0,
            1.0,
            1.0003,
            1.0014,
            1.0025,
            1.0,
            1.0139,
            1.0,
            1.0,
            1.0,
            1.0,
            1.7078,
            1.0039,
            1.0,
            1.0,
            1.0033,
            1.0,
            1.0004,
            1.0133,
            1.0,
            1.0,
            1.0004,
            1.0,
            1.0,
            1.0,
            1.0,
            1.0,
            1.0,
            1.0253,
            1.0,
            1.0,
            1.0,
            1.0,
            1.0059,
            1.0001,
            1.0,
            1.0,
            1.0002,
            1.0,
            1.0,
            1.0014,
            1.0013,
            1.0,
            1.0035,
            1.0,
            1.0,
            1.0,
            1.0,
            1.0,
            1.0,
            1.0,
            1.0149,
            1.0,
            1.0,
            1.0163,
            1.0,
            1.0,
            1.0,
            1.0,
            1.0,
            1.0,
            1.0,
            1.0,
            1.0205,
            1.0,
            1.0,
            1.1829,
            1.0,
            1.0,
            1.0,
            1.0,
            1.0,
            1.0,
            1.0075,
            1.0,
            1.0,
            1.0,
            1.0,
            1.0,
            1.0,
            1.0,
            1.0106,
            1.0,
            1.0,
            1.0,
            1.0009,
            1.0,
            1.0014,
            1.0002,
            1.0,
            1.0016,
            1.0004,
            1.0,
            1.0106,
            1.0003,
            1.0,
            1.0,
            1.747,
            1.0,
            1.1176,
            1.0,
            1.0,
            1.001,
            1.0,
            1.0,
            1.0106,
            1.0,
            1.0193,
            1.0,
            1.0006,
            1.0,
            1.0,
            1.1243,
            1.0,
            1.0001,
            1.0003,
            1.0,
            1.0,
            1.0008,
            1.0,
            1.4427,
            1.0,
            1.0,
            1.0,
            1.0107,
            1.0002,
            1.0,
            1.0,
            1.0008,
            1.2081,
            1.0007,
            1.0025,
            1.0033,
            1.0009,
            1.0,
            1.0,
            1.0061,
            1.5024,
            1.0,
            1.0016,
            1.0,
            1.0,
            1.0011,
            1.373,
            1.0,
            1.0,
            1.0,
            1.0005,
            1.0,
            1.0,
            1.0105,
            1.0033,
            1.0024,
            1.022,
            1.0,
            1.0307,
            1.0027,
            1.0021,
            1.0158,
            1.0161,
            1.0,
            1.0,
            1.0355,
            1.0,
            1.0002,
            1.0225,
            1.142,
            1.0008,
            1.0002,
            1.0,
            1.0004,
            1.0,
            1.0106,
            1.0,
            1.0007,
            1.0001,
            1.0,
            1.0,
            1.0004,
            1.0,
            1.0,
            1.0,
            1.0,
            1.066,
            1.0004,
            1.0,
            1.0,
            1.0,
            1.0,
            1.0,
            1.0,
            1.0,
            1.1706,
            1.0,
            1.0,
            1.0,
            1.0,
            1.0,
            1.0002,
            1.0,
            1.0,
            1.0,
            1.0,
            1.0019,
            1.0,
            1.0,
            1.0063,
            1.0,
            1.0034,
            1.0,
            1.0161,
            1.0075,
            1.0,
            1.0,
            1.0006,
            1.0,
            1.0,
            1.0,
            1.0109,
            1.0003,
            1.3289,
            1.0034,
            1.0002,
            1.0,
            1.0,
            1.0,
            1.1136,
            1.0248,
            1.0004,
            1.0,
            1.0,
            1.0,
            1.0189,
            1.0,
            1.0,
            1.001,
            1.0311,
            1.0,
            1.0065,
            1.0,
            1.0,
            1.0066,
            1.0,
            1.0034,
            1.0,
            1.0004,
            1.0,
            1.0003,
            1.0002,
            1.0319,
            1.0,
            1.0,
            1.0008,
            1.0,
            1.0,
            1.2126,
            1.0003,
            1.0047,
            1.0,
            1.0,
            1.0,
            1.0,
            1.0005,
            1.0,
            1.0105,
            1.001,
            1.0091,
            1.4798,
            1.0,
            1.0,
            1.0,
            1.0153,
            1.0003,
            1.0001,
            1.0,
            1.0001,
            1.0,
            1.0,
            1.0,
            1.0,
            1.0,
            1.0,
            1.0015,
            1.0206,
            1.0,
            1.0,
            1.0,
            1.0,
            1.0,
            1.0,
            1.0,
            1.0034,
            1.0,
            1.0174,
            1.0,
            1.0,
            1.0003,
            1.0,
            1.0155,
            1.0,
            1.0036,
            1.0,
            1.0,
            1.0066,
            1.0,
            1.0,
            1.0,
            1.0,
            1.3534,
            1.0106,
            1.0114,
            1.0,
            1.0074,
            1.0034,
            1.0,
            1.0097,
            1.0414,
            1.0,
            1.0001,
            1.0,
            1.0109,
            1.0,
            1.019,
            1.0005,
            1.0023,
            1.019,
            1.0008,
            1.0058,
            1.0,
            1.0006,
            1.0005,
            1.0006,
            1.0013,
            1.0,
            1.0185,
            1.0,
            1.0289,
            1.0005,
            1.0,
            1.0312,
            1.0,
            1.0,
            1.9,
            1.0,
            1.0011,
            1.0023,
            1.0359,
            1.0,
            1.0,
            1.0,
            1.0,
            1.0,
            1.8567,
            1.0009,
            1.0,
            1.0,
            1.0013,
            1.0,
            1.2333
        ]
    },
    "globalMetrics": {
        "testWeight": 20088,
        "targetAvg": [
            1.0328803265631223
        ],
        "targetStd": [
            0.13806685168312172
        ],
        "predictionAvg": [
            1.0321209890877627
        ],
        "predictionStd": [
            0.1277201102281831
        ]
    },
    "predictionPDF": {
        "x": [
            1.0,
            1.0117660859713022,
            1.0235321719426045,
            1.0352982579139067,
            1.047064343885209,
            1.0588304298565112,
            1.0705965158278135,
            1.0823626017991157,
            1.094128687770418,
            1.1058947737417202,
            1.1176608597130224,
            1.1294269456843247,
            1.141193031655627,
            1.1529591176269292,
            1.1647252035982314,
            1.1764912895695336,
            1.1882573755408359,
            1.2000234615121381,
            1.2117895474834404,
            1.2235556334547426,
            1.2353217194260449,
            1.247087805397347,
            1.2588538913686493,
            1.2706199773399516,
            1.2823860633112538,
            1.294152149282556,
            1.3059182352538583,
            1.3176843212251605,
            1.3294504071964628,
            1.341216493167765,
            1.3529825791390673,
            1.3647486651103695,
            1.3765147510816718,
            1.388280837052974,
            1.4000469230242762,
            1.4118130089955785,
            1.4235790949668807,
            1.435345180938183,
            1.4471112669094852,
            1.4588773528807875,
            1.4706434388520897,
            1.482409524823392,
            1.4941756107946942,
            1.5059416967659964,
            1.5177077827372987,
            1.529473868708601,
            1.5412399546799032,
            1.5530060406512054,
            1.5647721266225076,
            1.5765382125938099,
            1.5883042985651121,
            1.6000703845364144,
            1.6118364705077166,
            1.6236025564790189,
            1.635368642450321,
            1.6471347284216233,
            1.6589008143929256,
            1.6706669003642278,
            1.68243298633553,
            1.6941990723068323,
            1.7059651582781346,
            1.7177312442494368,
            1.729497330220739,
            1.7412634161920413,
            1.7530295021633435,
            1.7647955881346458,
            1.776561674105948,
            1.7883277600772503,
            1.8000938460485525,
            1.8118599320198547,
            1.823626017991157,
            1.8353921039624592,
            1.8471581899337615,
            1.8589242759050637,
            1.870690361876366,
            1.8824564478476682,
            1.8942225338189704,
            1.9059886197902727,
            1.917754705761575,
            1.9295207917328772,
            1.9412868777041794,
            1.9530529636754816,
            1.9648190496467839,
            1.9765851356180861,
            1.9883512215893884,
            2.0001173075606906,
            2.011883393531993,
            2.023649479503295,
            2.0354155654745973,
            2.0471816514458996,
            2.058947737417202,
            2.070713823388504,
            2.0824799093598063,
            2.0942459953311086,
            2.106012081302411,
            2.117778167273713,
            2.1295442532450153,
            2.1413103392163175,
            2.1530764251876198,
            2.164842511158922
        ],
        "pdf": [
            19.885447942428947,
            17.138303486702842,
            9.910608360875843,
            4.08935301612648,
            1.4150252421669085,
            0.5592482703981247,
            0.3170605313612693,
            0.24463987247910854,
            0.22328843852482125,
            0.21223470472197978,
            0.19633793329556,
            0.17312783048864167,
            0.1459588825808582,
            0.12327659993380079,
            0.11459257385519506,
            0.12123437986775952,
            0.1346885141361938,
            0.14902812012856426,
            0.1665210070081788,
            0.1869297563854808,
            0.198618536568592,
            0.18601227562561118,
            0.149704437555814,
            0.1098119434193305,
            0.08351888044299154,
            0.07346110536815974,
            0.07557523625338732,
            0.08346701522850235,
            0.08929803740264393,
            0.08810230789559942,
            0.08051389055056346,
            0.07025053426660499,
            0.06084129396955889,
            0.055734620729885755,
            0.05711412129022874,
            0.06199849244999729,
            0.06394625149264939,
            0.06107890415436187,
            0.05840515451957775,
            0.061129783365104245,
            0.07113280956945706,
            0.08582345666205901,
            0.09473739455079393,
            0.08872150756103764,
            0.07444282182951534,
            0.06617870137935612,
            0.06746319136860533,
            0.06996485088004645,
            0.06506998201673096,
            0.053504332997187,
            0.04364889283515606,
            0.03928800017712736,
            0.0358124856334833,
            0.030055442956192675,
            0.024243007897804755,
            0.020817761158594107,
            0.019782449092484562,
            0.0203874265042616,
            0.023002703397490703,
            0.028391495113569882,
            0.03561481907558297,
            0.04211558825501297,
            0.04606027296292828,
            0.04663705976834512,
            0.043548527278228714,
            0.03839196206543239,
            0.03361690967628599,
            0.030676978048313083,
            0.030912488968522542,
            0.035611849089098334,
            0.04428183952212999,
            0.053089495572575404,
            0.057008639905936194,
            0.055288669747965126,
            0.05134615308656477,
            0.04783686661941523,
            0.04512046382599339,
            0.04299169719111333,
            0.0425294355830617,
            0.046290828242113904,
            0.053816874824364654,
            0.05853851705114077,
            0.054894605906837805,
            0.044441065305049224,
            0.03185620083328487,
            0.020591871450869857,
            0.012554386379853386,
            0.008170872173296562,
            0.0062520005532203425,
            0.004972467590839277,
            0.0035028430560440854,
            0.0022369561061415808,
            0.0016078148054077404,
            0.0013595495805993612,
            0.0011650458138232106,
            0.001327271871076872,
            0.002302891955854596,
            0.0038550818823993205,
            0.004927550620142394,
            0.004512280761742793
        ]
    }
}