{
  "state": "DONE",
  "preSearchDescription": {
    "gridLength": 2,
    "searchStrategy": "GRID",
    "importantParams": [
      {
        "name": "trees",
        "vals": [
          "100"
        ]
      },
      {
        "name": "depth",
        "vals": [
          "6",
          "13"
        ]
      },
      {
        "name": "min_samples",
        "vals": [
          "10"
        ]
      }
    ]
  },
  "postSearchDescription": {
    "importantParams": [
      {
        "name": "trees",
        "val": "100"
      },
      {
        "name": "depth",
        "val": "13"
      },
      {
        "name": "min_samples",
        "val": "10"
      }
    ]
  },
  "resumed": false,
  "timeOrderingEnabled": false,
  "sampleWeightsEnabled": false,
  "modelId": "m1",
  "progress": {
    "top_level_todo": [],
    "stack": [],
    "top_level_done": [
      {
        "name": "Loading train set",
        "time": 362
      },
      {
        "name": "Loading test set",
        "time": 69
      },
      {
        "name": "Collecting statistics",
        "time": 95
      },
      {
        "name": "Preprocessing train set",
        "time": 464
      },
      {
        "name": "Preprocessing test set",
        "time": 78
      },
      {
        "name": "Hyperparameter searching",
        "time": 118537
      },
      {
        "name": "Fitting model",
        "time": 15789
      },
      {
        "name": "Saving model",
        "time": 41
      },
      {
        "name": "Scoring model",
        "time": 1091
      }
    ]
  },
  "startTime": 1650483520202,
  "endTime": 1650483656868,
  "preprocessingTime": 1093,
  "trainingTime": 135573,
  "hyperparamsSearchTime": 118537
}