{
    "per_feature": {
        "distance": {
            "stats": {
                "min": 0.39,
                "average": 2.1836461357493775,
                "median": 2.14,
                "max": 6.33,
                "p99": 5.21,
                "std": 1.0878282187241899
            },
            "missing_impute_with_value": 2.1836461357493775
        },
        "price": {
            "stats": {
                "min": 2.5,
                "average": 17.34712371108219,
                "median": 16.5,
                "max": 92.0,
                "p99": 45.5,
                "std": 10.010848901256567
            },
            "missing_impute_with_value": 17.34712371108219
        },
        "Hour": {
            "stats": {
                "min": 0.0,
                "average": 11.431875062568826,
                "median": 12.0,
                "max": 23.0,
                "p99": 23.0,
                "std": 6.948044357366879
            },
            "missing_impute_with_value": 11.431875062568826
        },
        "surge_multiplier": {
            "stats": {}
        },
        "product_id": {
            "stats": {
                "mostFrequentValue": "lyft_premier",
                "leastFrequentValue": "lyft_plus"
            },
            "category_possible_values": [
                "lyft_premier",
                "lyft_lux",
                "lyft_line",
                "lyft",
                "lyft_luxsuv",
                "lyft_plus"
            ],
            "category_possible_counts": [
                13389,
                13354,
                13331,
                13306,
                13291,
                13241
            ]
        },
        "cab_type": {
            "stats": {}
        },
        "destination": {
            "stats": {
                "mostFrequentValue": "Financial District",
                "leastFrequentValue": "West End"
            },
            "category_possible_values": [
                "Financial District",
                "Fenway",
                "North Station",
                "Haymarket Square",
                "Northeastern University",
                "Beacon Hill",
                "North End",
                "Boston University",
                "Back Bay",
                "Theatre District",
                "South Station",
                "West End"
            ],
            "category_possible_counts": [
                6873,
                6769,
                6768,
                6763,
                6723,
                6697,
                6682,
                6591,
                6579,
                6546,
                6545,
                6376
            ]
        },
        "name": {
            "stats": {
                "mostFrequentValue": "Lux",
                "leastFrequentValue": "Lyft XL"
            },
            "category_possible_values": [
                "Lux",
                "Lux Black",
                "Shared",
                "Lyft",
                "Lux Black XL",
                "Lyft XL"
            ],
            "category_possible_counts": [
                13389,
                13354,
                13331,
                13306,
                13291,
                13241
            ]
        },
        "source": {
            "stats": {
                "mostFrequentValue": "Financial District",
                "leastFrequentValue": "Northeastern University"
            },
            "category_possible_values": [
                "Financial District",
                "South Station",
                "North End",
                "Boston University",
                "Beacon Hill",
                "Theatre District",
                "Back Bay",
                "Haymarket Square",
                "West End",
                "Fenway",
                "North Station",
                "Northeastern University"
            ],
            "category_possible_counts": [
                6870,
                6810,
                6796,
                6736,
                6724,
                6711,
                6694,
                6685,
                6669,
                6413,
                6405,
                6399
            ]
        },
        "Time Stamp_parsed_year": {
            "stats": {}
        },
        "Time Stamp_parsed_day": {
            "stats": {
                "min": 1.0,
                "average": 17.863700070077083,
                "median": 17.0,
                "max": 30.0,
                "p99": 30.0,
                "std": 9.994673545571064
            },
            "missing_impute_with_value": 17.863700070077083
        },
        "Time Stamp_parsed_month": {
            "stats": {
                "min": 11.0,
                "average": 11.583066373010311,
                "median": 12.0,
                "max": 12.0,
                "p99": 12.0,
                "std": 0.49305478378043255
            },
            "missing_impute_with_value": 11.583066373010311
        }
    },
    "feature_order": [
        "distance",
        "price",
        "Hour",
        "surge_multiplier",
        "product_id",
        "cab_type",
        "destination",
        "name",
        "source",
        "Time Stamp_parsed_year",
        "Time Stamp_parsed_day",
        "Time Stamp_parsed_month"
    ]
}