{
  "trainedWithDSSVersion": "9.0.1",
  "backend": "PY_MEMORY",
  "isValid": true,
  "type": "REGRESSION",
  "algorithm_name": "FOREST_REGRESSOR",
  "columns": [
    "distance",
    "Hour",
    "surge_multiplier",
    "Time Stamp_parsed_day",
    "Time Stamp_parsed_month",
    "dummy:product_id:lyft_premier",
    "dummy:product_id:lyft_lux",
    "dummy:product_id:lyft_line",
    "dummy:product_id:lyft",
    "dummy:product_id:lyft_luxsuv",
    "dummy:product_id:lyft_plus",
    "dummy:product_id:N/A",
    "dummy:product_id:__Others__",
    "dummy:destination:Financial District",
    "dummy:destination:Fenway",
    "dummy:destination:North Station",
    "dummy:destination:Haymarket Square",
    "dummy:destination:Northeastern University",
    "dummy:destination:Beacon Hill",
    "dummy:destination:North End",
    "dummy:destination:Boston University",
    "dummy:destination:Back Bay",
    "dummy:destination:Theatre District",
    "dummy:destination:South Station",
    "dummy:destination:West End",
    "dummy:destination:N/A",
    "dummy:destination:__Others__",
    "dummy:name:Lux",
    "dummy:name:Lux Black",
    "dummy:name:Shared",
    "dummy:name:Lyft",
    "dummy:name:Lux Black XL",
    "dummy:name:Lyft XL",
    "dummy:name:N/A",
    "dummy:name:__Others__",
    "dummy:source:Financial District",
    "dummy:source:South Station",
    "dummy:source:North End",
    "dummy:source:Boston University",
    "dummy:source:Beacon Hill",
    "dummy:source:Theatre District",
    "dummy:source:Back Bay",
    "dummy:source:Haymarket Square",
    "dummy:source:West End",
    "dummy:source:Fenway",
    "dummy:source:North Station",
    "dummy:source:Northeastern University",
    "dummy:source:N/A",
    "dummy:source:__Others__"
  ]
}