{
    "startedAt": 1648984922492,
    "gridSize": 2,
    "nThreads": 4,
    "nSplits": 5,
    "metric": "R2",
    "timeout": null,
    "gridPoints": [
        {
            "finishedAt": 1648985003763,
            "score": 0.9492849274451707,
            "testScoreGibMean": 0.9492849274451707,
            "testScoreMean": 0.9492849274451707,
            "testScoreStd": 0.0014728068148187569,
            "trainScoreMean": 0.9499152169565075,
            "trainScoreStd": 0.0005789740719672266,
            "time": 213900,
            "fitTimeMean": 41296.6,
            "fitTimeStd": 2361.2800426887106,
            "scoreTimeMean": 1483.4,
            "scoreTimeStd": 108.99834861134364,
            "best_iteration": null,
            "parameters": {
                "max_depth": 6,
                "max_features": "auto",
                "min_samples_leaf": 10,
                "n_estimators": 100,
                "min_samples_split": 30
            }
        },
        {
            "finishedAt": 1648985050028,
            "score": 0.9792288278771514,
            "testScoreGibMean": 0.9792288278771514,
            "testScoreMean": 0.9792288278771514,
            "testScoreStd": 0.00019774892342938323,
            "trainScoreMean": 0.9816882870368286,
            "trainScoreStd": 7.791030014984197e-05,
            "time": 244628,
            "fitTimeMean": 46702.8,
            "fitTimeStd": 13190.599431413266,
            "scoreTimeMean": 2222.8,
            "scoreTimeStd": 937.8128597966654,
            "best_iteration": null,
            "parameters": {
                "max_depth": 13,
                "max_features": "auto",
                "min_samples_leaf": 10,
                "n_estimators": 100,
                "min_samples_split": 30
            }
        }
    ]
}