[
    {
        "test_score_gib": 0.9477531761363857,
        "train_score": 0.9495175217543098,
        "test_score": 0.9477531761363857,
        "num_samples": 15983,
        "fit_time": 41599,
        "score_time": 1453,
        "time": 43052,
        "parameters": {
            "max_depth": 6,
            "max_features": "auto",
            "min_samples_leaf": 10,
            "n_estimators": 100,
            "min_samples_split": 30
        },
        "best_iteration": null,
        "done_at": 1648984965666,
        "split_id": 0
    },
    {
        "test_score_gib": 0.9490995941353871,
        "train_score": 0.9496768462408732,
        "test_score": 0.9490995941353871,
        "num_samples": 15983,
        "fit_time": 43427,
        "score_time": 1481,
        "time": 44908,
        "parameters": {
            "max_depth": 6,
            "max_features": "auto",
            "min_samples_leaf": 10,
            "n_estimators": 100,
            "min_samples_split": 30
        },
        "best_iteration": null,
        "done_at": 1648984967564,
        "split_id": 1
    },
    {
        "test_score_gib": 0.9507316415737275,
        "train_score": 0.950914014367211,
        "test_score": 0.9507316415737275,
        "num_samples": 15982,
        "fit_time": 41074,
        "score_time": 1343,
        "time": 42417,
        "parameters": {
            "max_depth": 6,
            "max_features": "auto",
            "min_samples_leaf": 10,
            "n_estimators": 100,
            "min_samples_split": 30
        },
        "best_iteration": null,
        "done_at": 1648984965088,
        "split_id": 2
    },
    {
        "test_score_gib": 0.947640313798876,
        "train_score": 0.949287926939744,
        "test_score": 0.947640313798876,
        "num_samples": 15982,
        "fit_time": 43413,
        "score_time": 1461,
        "time": 44874,
        "parameters": {
            "max_depth": 6,
            "max_features": "auto",
            "min_samples_leaf": 10,
            "n_estimators": 100,
            "min_samples_split": 30
        },
        "best_iteration": null,
        "done_at": 1648984967557,
        "split_id": 3
    },
    {
        "test_score_gib": 0.9512000190201345,
        "train_score": 0.9501798152792931,
        "test_score": 0.9512000190201345,
        "num_samples": 15982,
        "fit_time": 36970,
        "score_time": 1679,
        "time": 38649,
        "parameters": {
            "max_depth": 6,
            "max_features": "auto",
            "min_samples_leaf": 10,
            "n_estimators": 100,
            "min_samples_split": 30
        },
        "best_iteration": null,
        "done_at": 1648985003763,
        "split_id": 4
    },
    {
        "test_score_gib": 0.979182923768544,
        "train_score": 0.9815661128008186,
        "test_score": 0.979182923768544,
        "num_samples": 15983,
        "fit_time": 56735,
        "score_time": 3033,
        "time": 59768,
        "parameters": {
            "max_depth": 13,
            "max_features": "auto",
            "min_samples_leaf": 10,
            "n_estimators": 100,
            "min_samples_split": 30
        },
        "best_iteration": null,
        "done_at": 1648985025463,
        "split_id": 0
    },
    {
        "test_score_gib": 0.978934420534299,
        "train_score": 0.9818095565554225,
        "test_score": 0.978934420534299,
        "num_samples": 15983,
        "fit_time": 56596,
        "score_time": 2901,
        "time": 59497,
        "parameters": {
            "max_depth": 13,
            "max_features": "auto",
            "min_samples_leaf": 10,
            "n_estimators": 100,
            "min_samples_split": 30
        },
        "best_iteration": null,
        "done_at": 1648985027063,
        "split_id": 1
    },
    {
        "test_score_gib": 0.9794710062114055,
        "train_score": 0.9816712748012496,
        "test_score": 0.9794710062114055,
        "num_samples": 15982,
        "fit_time": 56670,
        "score_time": 2937,
        "time": 59607,
        "parameters": {
            "max_depth": 13,
            "max_features": "auto",
            "min_samples_leaf": 10,
            "n_estimators": 100,
            "min_samples_split": 30
        },
        "best_iteration": null,
        "done_at": 1648985027186,
        "split_id": 2
    },
    {
        "test_score_gib": 0.9791308129998502,
        "train_score": 0.9817087827413475,
        "test_score": 0.9791308129998502,
        "num_samples": 15982,
        "fit_time": 39672,
        "score_time": 1537,
        "time": 41209,
        "parameters": {
            "max_depth": 13,
            "max_features": "auto",
            "min_samples_leaf": 10,
            "n_estimators": 100,
            "min_samples_split": 30
        },
        "best_iteration": null,
        "done_at": 1648985045000,
        "split_id": 3
    },
    {
        "test_score_gib": 0.9794249971650799,
        "train_score": 0.9816857083419132,
        "test_score": 0.9794249971650799,
        "num_samples": 15982,
        "fit_time": 23841,
        "score_time": 706,
        "time": 24547,
        "parameters": {
            "max_depth": 13,
            "max_features": "auto",
            "min_samples_leaf": 10,
            "n_estimators": 100,
            "min_samples_split": 30
        },
        "best_iteration": null,
        "done_at": 1648985050028,
        "split_id": 4
    }
]