{
  "columns": [
    {"name":"distance","type":"double"},
    {"name":"cab_type","type":"string"},
    {"name":"destination","type":"string"},
    {"name":"source","type":"string"},
    {"name":"price","type":"double"},
    {"name":"surge_multiplier","type":"double"},
    {"name":"product_id","type":"string"},
    {"name":"name","type":"string"},
    {"name":"Time Stamp_parsed_year","type":"bigint"},
    {"name":"Time Stamp_parsed_month","type":"bigint"},
    {"name":"Time Stamp_parsed_day","type":"bigint"},
    {"name":"Hour","type":"bigint"}
  ],
  "userModified": true
}