{
    "metrics": {
        "evs": 0.9799122826117052,
        "mape": 0.08080705944311498,
        "mae": 1.0101926018819458,
        "mse": 2.0327826089574783,
        "rmse": 1.4257568547818658,
        "rmsle": 0.11143167777181513,
        "r2": 0.9799104173371731,
        "pearson": 0.9899063382267456
    },
    "processed_feature_names": [
        "distance",
        "Hour",
        "surge_multiplier",
        "Time Stamp_parsed_day",
        "Time Stamp_parsed_month",
        "dummy:product_id:lyft_premier",
        "dummy:product_id:lyft_lux",
        "dummy:product_id:lyft_line",
        "dummy:product_id:lyft",
        "dummy:product_id:lyft_luxsuv",
        "dummy:product_id:lyft_plus",
        "dummy:product_id:N/A",
        "dummy:product_id:__Others__",
        "dummy:destination:Financial District",
        "dummy:destination:Fenway",
        "dummy:destination:North Station",
        "dummy:destination:Haymarket Square",
        "dummy:destination:Northeastern University",
        "dummy:destination:Beacon Hill",
        "dummy:destination:North End",
        "dummy:destination:Boston University",
        "dummy:destination:Back Bay",
        "dummy:destination:Theatre District",
        "dummy:destination:South Station",
        "dummy:destination:West End",
        "dummy:destination:N/A",
        "dummy:destination:__Others__",
        "dummy:name:Lux",
        "dummy:name:Lux Black",
        "dummy:name:Shared",
        "dummy:name:Lyft",
        "dummy:name:Lux Black XL",
        "dummy:name:Lyft XL",
        "dummy:name:N/A",
        "dummy:name:__Others__",
        "dummy:source:Financial District",
        "dummy:source:South Station",
        "dummy:source:North End",
        "dummy:source:Boston University",
        "dummy:source:Beacon Hill",
        "dummy:source:Theatre District",
        "dummy:source:Back Bay",
        "dummy:source:Haymarket Square",
        "dummy:source:West End",
        "dummy:source:Fenway",
        "dummy:source:North Station",
        "dummy:source:Northeastern University",
        "dummy:source:N/A",
        "dummy:source:__Others__"
    ],
    "regression_performance": {
        "error_distribution": [
            {
                "bin_id": 0,
                "bin_min": -3.324882385232339,
                "bin_max": -2.680334156402614,
                "count": 700
            },
            {
                "bin_id": 1,
                "bin_min": -2.680334156402614,
                "bin_max": -2.0421675932048666,
                "count": 622
            },
            {
                "bin_id": 2,
                "bin_min": -2.0421675932048666,
                "bin_max": -1.4040010300071195,
                "count": 1228
            },
            {
                "bin_id": 3,
                "bin_min": -1.4040010300071195,
                "bin_max": -0.765834466809372,
                "count": 2249
            },
            {
                "bin_id": 4,
                "bin_min": -0.765834466809372,
                "bin_max": -0.1276679036116244,
                "count": 4400
            },
            {
                "bin_id": 5,
                "bin_min": -0.1276679036116244,
                "bin_max": 0.5104986595861227,
                "count": 4693
            },
            {
                "bin_id": 6,
                "bin_min": 0.5104986595861227,
                "bin_max": 1.1486652227838707,
                "count": 2959
            },
            {
                "bin_id": 7,
                "bin_min": 1.1486652227838707,
                "bin_max": 1.7868317859816178,
                "count": 1472
            },
            {
                "bin_id": 8,
                "bin_min": 1.7868317859816178,
                "bin_max": 2.424998349179365,
                "count": 904
            },
            {
                "bin_id": 9,
                "bin_min": 2.424998349179365,
                "bin_max": 3.0631649123771125,
                "count": 861
            }
        ],
        "raw_min_error": -8.795828450706736,
        "min_error": -3.3185007196003617,
        "p25_error": -0.7432121419434221,
        "median_error": -0.036092934472319094,
        "average_error": -0.024604806206318573,
        "std_error": 1.2977252264449237,
        "p75_error": 0.7237991042272496,
        "p90_error": 1.6738952885236036,
        "max_error": 3.0631649123771125,
        "raw_max_error": 14.271777745575406
    },
    "scatterPlotData": {
        "x": [
            5.0,
            27.5,
            3.5,
            19.5,
            13.5,
            22.5,
            7.0,
            13.5,
            22.5,
            5.0,
            11.0,
            3.0,
            30.0,
            22.5,
            27.5,
            47.5,
            27.5,
            10.5,
            5.0,
            13.5,
            22.5,
            10.5,
            27.5,
            10.5,
            7.0,
            16.5,
            26.0,
            7.0,
            38.5,
            16.5,
            10.5,
            27.5,
            27.5,
            19.5,
            7.0,
            11.0,
            30.0,
            34.0,
            13.5,
            22.5,
            16.5,
            13.5,
            38.5,
            10.5,
            27.5,
            26.0,
            7.0,
            16.5,
            10.5,
            9.0,
            32.5,
            22.5,
            32.5,
            32.5,
            27.5,
            19.5,
            22.5,
            57.5,
            16.5,
            10.5,
            16.5,
            26.0,
            13.5,
            5.0,
            22.5,
            34.0,
            13.5,
            16.5,
            3.0,
            16.5,
            10.5,
            9.0,
            11.0,
            16.5,
            9.0,
            19.5,
            16.5,
            5.0,
            11.0,
            7.0,
            32.5,
            27.5,
            9.0,
            13.5,
            16.5,
            67.5,
            16.5,
            13.5,
            9.0,
            32.5,
            32.5,
            7.0,
            13.5,
            13.5,
            10.5,
            27.5,
            7.0,
            22.5,
            16.5,
            26.0,
            26.0,
            7.0,
            22.5,
            52.5,
            7.0,
            62.5,
            10.5,
            7.0,
            32.5,
            9.0,
            27.5,
            16.5,
            16.5,
            32.5,
            7.0,
            32.5,
            16.5,
            27.5,
            22.5,
            22.5,
            16.5,
            32.5,
            3.5,
            19.5,
            13.5,
            42.5,
            11.0,
            7.0,
            34.0,
            11.0,
            13.5,
            16.5,
            13.5,
            27.5,
            38.5,
            26.0,
            7.0,
            34.0,
            13.5,
            22.5,
            34.0,
            16.5,
            19.5,
            30.0,
            9.0,
            9.0,
            5.0,
            11.0,
            7.0,
            11.0,
            9.0,
            3.5,
            22.5,
            7.0,
            26.0,
            7.0,
            27.5,
            26.0,
            22.5,
            10.5,
            11.0,
            7.0,
            7.0,
            32.5,
            22.5,
            16.5,
            9.0,
            13.5,
            10.5,
            9.0,
            13.5,
            22.5,
            16.5,
            27.5,
            9.0,
            9.0,
            16.5,
            3.5,
            3.5,
            32.5,
            16.5,
            22.5,
            7.0,
            16.5,
            16.5,
            10.5,
            30.0,
            7.0,
            34.0,
            27.5,
            16.5,
            13.5,
            13.5,
            11.0,
            7.0,
            16.5,
            11.0,
            16.5,
            3.0,
            5.0,
            16.5,
            47.5,
            16.5,
            30.0,
            10.5,
            10.5,
            27.5,
            7.0,
            16.5,
            13.5,
            11.0,
            26.0,
            13.5,
            26.0,
            7.0,
            13.5,
            38.5,
            16.5,
            5.0,
            30.0,
            22.5,
            16.5,
            30.0,
            7.0,
            30.0,
            19.5,
            10.5,
            22.5,
            13.5,
            22.5,
            16.5,
            38.5,
            3.5,
            5.0,
            9.0,
            19.5,
            16.5,
            11.0,
            9.0,
            10.5,
            11.0,
            9.0,
            38.5,
            26.0,
            22.5,
            16.5,
            11.0,
            16.5,
            16.5,
            16.5,
            22.5,
            10.5,
            34.0,
            7.0,
            16.5,
            16.5,
            19.5,
            7.0,
            13.5,
            32.5,
            7.0,
            27.5,
            13.5,
            9.0,
            11.0,
            16.5,
            27.5,
            22.5,
            16.5,
            7.0,
            26.0,
            9.0,
            16.5,
            13.5,
            19.5,
            27.5,
            7.0,
            19.5,
            22.5,
            5.0,
            7.0,
            16.5,
            16.5,
            16.5,
            30.0,
            10.5,
            16.5,
            26.0,
            7.0,
            11.0,
            32.5,
            11.0,
            16.5,
            32.5,
            3.5,
            32.5,
            22.5,
            22.5,
            38.5,
            27.5,
            5.0,
            13.5,
            27.5,
            11.0,
            26.0,
            3.0,
            16.5,
            13.5,
            7.0,
            10.5,
            13.5,
            27.5,
            27.5,
            16.5,
            16.5,
            9.0,
            10.5,
            13.5,
            27.5,
            3.0,
            38.5,
            16.5,
            7.0,
            11.0,
            30.0,
            16.5,
            13.5,
            27.5,
            27.5,
            3.5,
            16.5,
            9.0,
            5.0,
            32.5,
            7.0,
            5.0,
            32.5,
            13.5,
            27.5,
            16.5,
            16.5,
            16.5,
            7.0,
            13.5,
            19.5,
            16.5,
            7.0,
            19.5,
            19.5,
            7.0,
            5.0,
            27.5,
            16.5,
            32.5,
            32.5,
            10.5,
            13.5,
            42.5,
            11.0,
            22.5,
            16.5,
            26.0,
            5.0,
            19.5,
            7.0,
            22.5,
            7.0,
            16.5,
            16.5,
            13.5,
            10.5,
            9.0,
            27.5,
            9.0,
            11.0,
            38.0,
            9.0,
            45.5,
            3.0,
            13.5,
            26.0,
            16.5,
            5.0,
            5.0,
            7.0,
            11.0,
            19.5,
            13.5,
            16.5,
            22.5,
            38.5,
            27.5,
            22.5,
            27.5,
            34.0,
            7.0,
            9.0,
            16.5,
            16.5,
            38.0,
            22.5,
            22.5,
            3.5,
            34.0,
            16.5,
            13.5,
            16.5,
            13.5,
            27.5,
            22.5,
            3.5,
            26.0,
            22.5,
            3.5,
            7.0,
            16.5,
            3.0,
            22.5,
            13.5,
            13.5,
            27.5,
            9.0,
            16.5,
            19.5,
            38.0,
            16.5,
            13.5,
            30.0,
            5.0,
            13.5,
            5.0,
            38.5,
            27.5,
            38.0,
            7.0,
            38.5,
            26.0,
            19.5,
            5.0,
            7.0,
            30.0,
            13.5,
            7.0,
            7.0,
            26.0,
            38.0,
            16.5,
            5.0,
            7.0,
            16.5,
            7.0,
            26.0,
            9.0,
            30.0,
            5.0,
            3.5,
            11.0,
            22.5,
            5.0,
            7.0,
            13.5,
            22.5,
            27.5,
            16.5,
            26.0,
            10.5,
            26.0,
            22.5,
            9.0,
            27.5,
            19.5,
            13.5,
            13.5,
            7.0,
            22.5,
            22.5,
            16.5,
            22.5,
            10.5,
            13.5,
            5.0,
            9.0,
            16.5,
            30.0,
            26.0,
            27.5,
            19.5,
            3.0,
            13.5,
            7.0,
            42.5,
            7.0,
            27.5,
            26.0,
            89.0,
            9.0,
            38.5,
            16.5,
            38.0,
            16.5,
            32.5,
            32.5,
            13.5,
            10.5,
            27.5,
            19.5,
            30.0,
            34.0,
            16.5,
            32.5,
            27.5,
            10.5,
            19.5,
            9.0,
            9.0,
            16.5,
            11.0,
            7.0,
            5.0,
            27.5,
            7.0,
            13.5,
            5.0,
            32.5,
            13.5,
            22.5,
            16.5,
            27.5,
            7.0,
            26.0,
            7.0,
            16.5,
            13.5,
            22.5,
            27.5,
            27.5,
            22.5,
            42.5,
            13.5,
            22.5,
            16.5,
            19.5,
            9.0,
            34.0,
            7.0,
            7.0,
            3.5,
            16.5,
            13.5,
            16.5,
            13.5,
            10.5,
            27.5,
            7.0,
            9.0,
            9.0,
            27.5,
            16.5,
            16.5,
            38.0,
            13.5,
            38.5,
            11.0,
            19.5,
            11.0,
            11.0,
            38.0,
            26.0,
            34.0,
            3.0,
            32.5,
            38.5,
            7.0,
            32.5,
            19.5,
            9.0,
            16.5,
            7.0,
            26.0,
            16.5,
            9.0,
            16.5,
            7.0,
            7.0,
            7.0,
            13.5,
            10.5,
            32.5,
            5.0,
            16.5,
            10.5,
            7.0,
            27.5,
            10.5,
            13.5,
            9.0,
            16.5,
            27.5,
            16.5,
            9.0,
            27.5,
            11.0,
            3.0,
            38.5,
            38.5,
            26.0,
            10.5,
            26.0,
            38.5,
            5.0,
            7.0,
            42.5,
            19.5,
            26.0,
            19.5,
            7.0,
            13.5,
            13.5,
            30.0,
            30.0,
            26.0,
            16.5,
            3.5,
            7.0,
            30.0,
            7.0,
            11.0,
            22.5,
            16.5,
            30.0,
            5.0,
            5.0,
            13.5,
            16.5,
            38.5,
            10.5,
            19.5,
            19.5,
            38.5,
            22.5,
            7.0,
            5.0,
            7.0,
            13.5,
            11.0,
            19.5,
            26.0,
            9.0,
            26.0,
            30.0,
            3.0,
            13.5,
            19.5,
            27.5,
            5.0,
            16.5,
            27.5,
            13.5,
            7.0,
            11.0,
            26.0,
            7.0,
            13.5,
            16.5,
            27.5,
            32.5,
            9.0,
            7.0,
            34.0,
            16.5,
            7.0,
            7.0,
            11.0,
            7.0,
            9.0,
            13.5,
            7.0,
            16.5,
            11.0,
            16.5,
            7.0,
            22.5,
            26.0,
            7.0,
            26.0,
            11.0,
            26.0,
            27.5,
            45.5,
            7.0,
            34.0,
            9.0,
            10.5,
            27.5,
            7.0,
            13.5,
            7.0,
            7.0,
            3.0,
            3.0,
            19.5,
            16.5,
            13.5,
            16.5,
            13.5,
            13.5,
            7.0,
            38.5,
            34.0,
            26.0,
            3.0,
            3.0,
            26.0,
            27.5,
            13.5,
            16.5,
            7.0,
            3.5,
            10.5,
            3.5,
            10.5,
            16.5,
            10.5,
            5.0,
            7.0,
            16.5,
            9.0,
            5.0,
            10.5,
            13.5,
            13.5,
            22.5,
            22.5,
            7.0,
            22.5,
            13.5,
            10.5,
            26.0,
            30.0,
            5.0,
            38.0,
            7.0,
            7.0,
            38.5,
            16.5,
            32.5,
            22.5,
            7.0,
            22.5,
            5.0,
            16.5,
            11.0,
            3.0,
            38.0,
            19.5,
            10.5,
            11.0,
            7.0,
            10.5,
            19.5,
            7.0,
            52.5,
            22.5,
            5.0,
            13.5,
            13.5,
            38.0,
            16.5,
            5.0,
            22.5,
            19.5,
            32.5,
            9.0,
            27.5,
            9.0,
            7.0,
            11.0,
            9.0,
            19.5,
            7.0,
            9.0,
            3.5,
            7.0,
            38.5,
            10.5,
            5.0,
            7.0,
            26.0,
            22.5,
            10.5,
            5.0,
            22.5,
            27.5,
            19.5,
            30.0,
            7.0,
            13.5,
            38.0,
            19.5,
            22.5,
            10.5,
            34.0,
            16.5,
            16.5,
            16.5,
            34.0,
            16.5,
            10.5,
            9.0,
            10.5,
            26.0,
            22.5,
            32.5,
            22.5,
            16.5,
            9.0,
            16.5,
            11.0,
            7.0,
            19.5,
            42.5,
            7.0,
            7.0,
            30.0,
            27.5,
            19.5,
            16.5,
            7.0,
            7.0,
            30.0,
            3.0,
            19.5,
            7.0,
            26.0,
            7.0,
            7.0,
            13.5,
            3.0,
            10.5,
            13.5,
            27.5,
            7.0,
            5.0,
            7.0,
            19.5,
            26.0,
            27.5,
            9.0,
            16.5,
            26.0,
            19.5,
            13.5,
            13.5,
            16.5,
            16.5,
            22.5,
            27.5,
            3.5,
            45.5,
            16.5,
            13.5,
            13.5,
            26.0,
            10.5,
            16.5,
            27.5,
            16.5,
            38.5,
            13.5,
            22.5,
            7.0,
            27.5,
            32.5,
            10.5,
            10.5,
            26.0,
            11.0,
            13.5,
            16.5,
            13.5,
            9.0,
            3.5,
            19.5,
            27.5,
            26.0,
            16.5,
            10.5,
            34.0,
            13.5,
            34.0,
            22.5,
            13.5,
            7.0,
            22.5,
            27.5,
            7.0,
            13.5,
            13.5,
            34.0,
            30.0,
            7.0,
            10.5,
            5.0,
            13.5,
            27.5,
            22.5,
            38.0,
            22.5,
            57.5,
            5.0,
            42.5,
            22.5,
            10.5,
            38.0,
            45.5,
            7.0,
            9.0,
            34.0,
            27.5,
            13.5,
            30.0,
            3.5,
            7.0,
            13.5,
            30.0,
            27.5,
            16.5,
            11.0,
            16.5,
            5.0,
            7.0,
            3.0,
            26.0,
            7.0,
            10.5,
            30.0,
            16.5,
            13.5,
            22.5,
            13.5,
            7.0,
            10.5,
            9.0,
            7.0,
            9.0,
            19.5,
            3.0,
            3.0,
            9.0,
            22.5,
            22.5,
            13.5,
            34.0,
            22.5,
            26.0,
            7.0,
            13.5,
            26.0,
            27.5,
            13.5,
            13.5,
            10.5,
            34.0,
            22.5,
            22.5,
            11.0,
            22.5,
            9.0,
            22.5,
            16.5,
            13.5,
            13.5,
            13.5,
            26.0,
            7.0,
            10.5,
            7.0,
            30.0,
            22.5,
            7.0,
            11.0,
            5.0,
            3.0,
            16.5,
            30.0,
            13.5,
            19.5,
            16.5,
            26.0,
            5.0,
            3.0,
            16.5,
            11.0,
            38.0,
            9.0,
            19.5,
            7.0,
            32.5,
            27.5,
            16.5
        ],
        "y": [
            4.5207,
            26.6803,
            3.8473,
            20.9187,
            11.8253,
            24.1696,
            7.6172,
            13.8217,
            23.7501,
            6.9527,
            12.145,
            4.0857,
            31.7462,
            22.3974,
            27.6938,
            48.1647,
            26.7943,
            10.0309,
            6.3266,
            11.6704,
            24.9085,
            9.4216,
            27.3996,
            10.7347,
            7.221,
            16.0122,
            26.0946,
            5.7075,
            37.5291,
            17.1648,
            10.894,
            27.3904,
            24.8711,
            16.9988,
            6.6623,
            10.8872,
            29.2994,
            33.4914,
            13.8415,
            21.1543,
            19.2665,
            14.6264,
            34.4288,
            11.6566,
            26.7471,
            26.8453,
            6.9646,
            16.9988,
            9.594,
            8.9304,
            33.5154,
            22.3371,
            33.1273,
            34.4012,
            25.2146,
            20.6567,
            23.2894,
            54.5509,
            16.709,
            10.7682,
            17.0156,
            26.8254,
            12.9698,
            4.287,
            22.5759,
            33.2094,
            12.2857,
            17.1898,
            4.6057,
            17.0156,
            9.5675,
            7.1687,
            11.9684,
            14.1693,
            7.2454,
            18.1567,
            18.0802,
            4.1421,
            9.6656,
            7.3348,
            33.4122,
            27.5641,
            9.6675,
            13.5821,
            14.4794,
            67.0017,
            18.7375,
            13.6702,
            8.1115,
            30.1266,
            31.4155,
            6.5641,
            13.7945,
            11.106,
            10.5578,
            27.4151,
            8.0441,
            26.23,
            16.5042,
            26.846,
            23.8231,
            7.6136,
            22.3408,
            54.3249,
            7.5199,
            61.2075,
            9.5193,
            7.6189,
            29.4372,
            9.5172,
            25.876,
            15.8864,
            17.0675,
            32.9707,
            7.1878,
            33.398,
            16.1037,
            26.7607,
            22.7499,
            21.1551,
            15.0872,
            32.3193,
            6.9343,
            21.6315,
            12.9198,
            42.3886,
            10.8119,
            6.3735,
            33.0659,
            10.7644,
            14.7457,
            17.2949,
            13.1541,
            25.1942,
            37.7871,
            26.7443,
            7.412,
            33.3833,
            13.8535,
            20.4225,
            34.3404,
            16.5,
            21.6315,
            31.5928,
            9.2512,
            10.4016,
            5.5026,
            10.7639,
            8.5836,
            10.3128,
            9.623,
            6.9832,
            20.9128,
            6.9901,
            26.68,
            7.0143,
            26.8168,
            26.8263,
            22.1935,
            10.3218,
            9.7054,
            6.5701,
            6.2115,
            32.0228,
            21.6315,
            17.2476,
            9.1927,
            15.3959,
            10.44,
            10.3404,
            11.668,
            21.3025,
            16.7232,
            26.8337,
            9.9221,
            9.4107,
            16.5028,
            4.053,
            4.535,
            32.4175,
            16.5015,
            21.8045,
            7.2228,
            16.501,
            16.5,
            12.2162,
            31.9095,
            6.7764,
            32.9674,
            26.6615,
            16.501,
            14.335,
            13.7717,
            10.4723,
            7.0298,
            18.1141,
            10.3363,
            16.5003,
            4.0538,
            4.6936,
            16.9988,
            45.3977,
            15.2801,
            29.5505,
            8.2648,
            10.7567,
            26.8217,
            5.3172,
            16.709,
            14.6086,
            9.5164,
            26.7527,
            11.6328,
            25.354,
            4.8176,
            12.2545,
            38.421,
            18.1718,
            4.5632,
            31.9419,
            22.6174,
            16.9255,
            31.1771,
            7.0153,
            31.6751,
            20.5548,
            11.4785,
            22.1077,
            13.0453,
            21.3964,
            16.5252,
            34.1285,
            4.7048,
            5.5915,
            6.9732,
            17.9155,
            14.7375,
            9.5483,
            9.6267,
            10.5486,
            10.84,
            8.2812,
            42.5946,
            26.776,
            22.1137,
            15.1103,
            10.2613,
            16.5012,
            17.2417,
            15.8376,
            26.1428,
            6.9756,
            29.0891,
            6.1261,
            16.7173,
            16.7684,
            20.1814,
            6.5496,
            13.5753,
            34.8367,
            7.2309,
            25.824,
            13.3713,
            7.2435,
            10.7239,
            17.4177,
            27.1755,
            21.9932,
            16.5006,
            6.9749,
            23.0661,
            10.8017,
            16.5007,
            13.1733,
            21.8664,
            25.9748,
            5.2294,
            19.7751,
            20.2988,
            4.1218,
            6.5392,
            17.5622,
            17.2744,
            16.5018,
            31.1534,
            10.9566,
            17.2708,
            25.7629,
            7.0314,
            12.6878,
            28.189,
            10.7408,
            16.739,
            32.1159,
            3.9329,
            29.9329,
            24.7086,
            20.4496,
            36.7108,
            26.7967,
            6.2783,
            14.0666,
            27.9025,
            10.8066,
            27.3949,
            4.3691,
            16.5005,
            13.5273,
            6.5857,
            8.9272,
            12.964,
            25.8001,
            26.6998,
            17.195,
            19.1177,
            9.033,
            11.0221,
            13.5706,
            27.1056,
            4.5757,
            35.7375,
            17.195,
            6.9442,
            12.2466,
            29.4351,
            14.1083,
            12.2283,
            25.8139,
            31.7672,
            4.0337,
            18.5196,
            8.142,
            3.8818,
            33.1417,
            8.6647,
            4.6854,
            35.9466,
            13.747,
            26.7449,
            17.3152,
            15.7732,
            18.6923,
            6.8698,
            12.0842,
            21.1797,
            16.709,
            6.9577,
            17.4929,
            21.4301,
            7.1996,
            6.5858,
            32.6837,
            16.5248,
            35.3592,
            32.224,
            9.6055,
            14.0727,
            40.3683,
            10.7259,
            22.0065,
            17.9384,
            26.5484,
            4.2512,
            20.8917,
            7.0359,
            21.8764,
            6.4491,
            16.8998,
            17.0227,
            13.6678,
            11.0603,
            7.2705,
            27.182,
            9.7426,
            10.7542,
            37.2028,
            9.2532,
            37.3518,
            3.8989,
            13.5695,
            27.4199,
            17.107,
            4.0474,
            4.4505,
            6.9721,
            12.7385,
            17.961,
            13.3985,
            17.0024,
            20.1814,
            36.824,
            27.1081,
            23.7325,
            26.0472,
            32.0655,
            7.731,
            8.0955,
            18.3225,
            15.4048,
            39.7749,
            23.1159,
            21.7528,
            6.9018,
            33.0527,
            18.6923,
            13.479,
            13.7445,
            16.4766,
            29.8349,
            20.5703,
            3.9196,
            27.2472,
            22.7566,
            7.8703,
            6.5792,
            16.709,
            4.2918,
            23.0686,
            13.7217,
            11.2739,
            26.6534,
            8.8883,
            15.4048,
            20.809,
            36.3797,
            17.0024,
            11.8253,
            31.9846,
            4.0924,
            13.5968,
            4.3011,
            36.9604,
            26.7354,
            35.8288,
            7.1647,
            35.4869,
            26.7572,
            21.5128,
            4.1206,
            4.3174,
            30.9097,
            13.8577,
            7.1606,
            6.5891,
            25.926,
            38.685,
            16.5006,
            4.3067,
            7.0173,
            16.5003,
            7.2201,
            26.6788,
            10.9239,
            33.8191,
            4.1919,
            7.0094,
            10.8629,
            21.0666,
            5.1168,
            5.6669,
            10.9567,
            21.3248,
            26.7861,
            19.7751,
            26.7743,
            10.7748,
            25.1937,
            22.3529,
            8.8011,
            25.9541,
            18.3923,
            15.2478,
            14.3251,
            6.9818,
            22.4252,
            21.0752,
            16.5109,
            25.8924,
            10.9301,
            14.8216,
            4.3785,
            9.6877,
            15.8376,
            29.2553,
            26.8151,
            26.8284,
            17.2553,
            7.2972,
            12.8747,
            6.5184,
            42.4756,
            6.6636,
            26.7835,
            26.6718,
            80.6103,
            9.6275,
            34.4943,
            17.2376,
            38.7793,
            16.7037,
            33.482,
            35.106,
            13.8794,
            9.4604,
            29.1137,
            17.4411,
            29.6789,
            32.0953,
            14.0967,
            31.2307,
            27.5742,
            10.5567,
            18.1567,
            8.79,
            9.9429,
            15.7225,
            10.9742,
            7.0022,
            4.4907,
            28.1254,
            4.1962,
            11.9164,
            4.2765,
            32.5308,
            11.5424,
            21.7719,
            18.2425,
            26.7799,
            6.9938,
            26.742,
            6.9309,
            16.5,
            13.8227,
            22.8243,
            24.8194,
            26.7556,
            21.4511,
            42.7252,
            14.5156,
            21.0752,
            16.7173,
            20.1384,
            8.1339,
            32.3797,
            6.9697,
            7.1787,
            3.7223,
            16.5003,
            14.5783,
            16.9134,
            15.7401,
            9.8521,
            26.7584,
            7.2195,
            9.3628,
            10.1485,
            25.3325,
            16.5,
            16.7604,
            36.5207,
            13.5191,
            37.9502,
            10.7251,
            17.7226,
            10.7748,
            11.0943,
            35.9205,
            25.9541,
            34.1443,
            4.071,
            32.6374,
            36.4313,
            7.1996,
            30.0683,
            21.0354,
            6.9919,
            14.7374,
            7.2418,
            26.8611,
            16.709,
            10.1282,
            16.9995,
            6.4626,
            7.7925,
            7.0053,
            14.7531,
            9.1927,
            33.0205,
            4.634,
            16.7071,
            10.898,
            7.2243,
            26.6786,
            9.6426,
            13.5691,
            6.6942,
            17.0156,
            24.719,
            15.5192,
            8.7035,
            27.8144,
            10.741,
            5.8947,
            35.1959,
            39.415,
            26.769,
            10.7651,
            26.8344,
            40.035,
            3.7763,
            5.5517,
            43.6392,
            20.9187,
            27.8667,
            18.3711,
            6.9147,
            13.3633,
            14.4114,
            29.9993,
            31.7835,
            26.6764,
            16.9134,
            4.1794,
            7.1078,
            27.1358,
            6.6747,
            10.7422,
            22.3838,
            17.7474,
            27.8577,
            6.6482,
            7.9789,
            13.4026,
            15.2028,
            33.8124,
            10.44,
            21.6814,
            17.3626,
            40.4161,
            21.5046,
            4.6551,
            4.2026,
            6.5932,
            13.5691,
            10.7251,
            18.7499,
            26.8576,
            7.7368,
            26.7204,
            29.6969,
            3.9284,
            15.7636,
            21.4195,
            25.9248,
            4.7482,
            16.5315,
            26.6382,
            13.8577,
            4.4949,
            11.7208,
            26.8182,
            6.4372,
            13.5585,
            16.5007,
            26.709,
            30.2497,
            7.2583,
            7.0407,
            36.6974,
            13.873,
            6.5149,
            6.5382,
            10.3182,
            6.9923,
            9.0695,
            14.2543,
            6.4441,
            17.0974,
            10.8799,
            17.4543,
            7.0893,
            21.7936,
            24.3759,
            7.388,
            26.0283,
            8.4338,
            27.5329,
            31.5193,
            43.5028,
            7.3059,
            34.2285,
            9.0394,
            10.365,
            26.6863,
            7.1597,
            12.2217,
            5.7032,
            7.7426,
            4.5083,
            6.7097,
            21.618,
            16.5088,
            14.1158,
            16.5,
            12.3983,
            14.2881,
            6.7792,
            40.0584,
            34.0587,
            28.2357,
            6.4337,
            7.3705,
            26.6911,
            31.5529,
            14.0748,
            15.8376,
            7.2952,
            4.0838,
            11.4415,
            3.9743,
            9.6999,
            16.5,
            10.7749,
            7.1511,
            7.0241,
            17.1065,
            9.2759,
            4.005,
            10.7251,
            15.5185,
            15.4863,
            21.338,
            24.5222,
            7.0845,
            21.0752,
            13.5738,
            10.7516,
            27.9957,
            25.8778,
            4.0225,
            34.1506,
            7.1181,
            6.5956,
            37.1524,
            17.0515,
            33.493,
            21.0099,
            6.8773,
            21.5614,
            4.3478,
            16.7427,
            12.3011,
            4.0041,
            40.6035,
            21.0569,
            10.8456,
            10.9083,
            7.2749,
            7.4532,
            21.3361,
            7.318,
            55.0823,
            22.4143,
            8.446,
            13.6168,
            12.6176,
            38.0485,
            18.9912,
            4.3767,
            22.8364,
            19.1919,
            32.5501,
            9.1632,
            24.967,
            9.5259,
            6.2953,
            10.8429,
            9.2461,
            20.7416,
            7.4087,
            9.6154,
            4.0889,
            6.5566,
            35.615,
            11.0025,
            4.0304,
            7.2421,
            26.7328,
            24.8,
            10.7571,
            5.0958,
            21.1512,
            26.7444,
            17.7803,
            26.9357,
            6.2071,
            11.5428,
            34.4176,
            20.5702,
            21.0151,
            9.6563,
            35.601,
            16.5032,
            14.7531,
            17.0156,
            32.5824,
            16.2057,
            8.2634,
            9.6875,
            10.9184,
            27.4886,
            24.7436,
            36.9805,
            20.9489,
            16.5248,
            9.5093,
            16.7667,
            10.7403,
            6.4221,
            18.0781,
            43.745,
            7.0448,
            6.4033,
            29.7923,
            24.9998,
            22.3757,
            16.572,
            6.3661,
            6.9803,
            28.7006,
            6.4636,
            21.1512,
            6.4899,
            26.6092,
            8.3159,
            7.298,
            15.1142,
            5.3142,
            10.7666,
            7.5248,
            26.7855,
            7.1831,
            4.5138,
            7.0094,
            20.0428,
            26.7012,
            26.733,
            9.8409,
            17.0211,
            24.8684,
            20.1814,
            12.3025,
            13.8386,
            17.8809,
            18.7838,
            24.7552,
            26.7664,
            6.1006,
            43.6001,
            14.4106,
            13.6733,
            12.5863,
            26.5977,
            10.7959,
            16.5,
            26.8847,
            16.5012,
            40.4557,
            14.4827,
            25.9253,
            9.4025,
            31.0252,
            34.3177,
            9.3453,
            9.0016,
            28.1841,
            10.8324,
            12.5289,
            16.709,
            13.7889,
            9.343,
            4.0866,
            18.5196,
            26.829,
            27.3083,
            15.8376,
            12.1855,
            34.6786,
            13.5707,
            32.823,
            20.7357,
            14.5156,
            6.9997,
            23.0913,
            31.6166,
            7.534,
            12.0202,
            13.5711,
            31.2667,
            30.5258,
            7.3199,
            11.8783,
            4.559,
            13.5325,
            26.7311,
            21.1512,
            38.1534,
            20.4463,
            54.9954,
            4.5806,
            42.6322,
            22.4004,
            10.1024,
            37.9914,
            46.0323,
            4.0434,
            9.158,
            35.8602,
            27.6308,
            14.0915,
            30.2589,
            6.4387,
            7.0977,
            12.7609,
            27.8844,
            26.6909,
            17.0156,
            11.4664,
            16.5032,
            4.4199,
            6.366,
            4.7113,
            27.3288,
            4.7339,
            9.5623,
            29.8144,
            16.5015,
            13.5691,
            23.8351,
            11.7181,
            7.1617,
            10.7251,
            8.1787,
            5.761,
            9.3411,
            20.8917,
            7.2072,
            4.1036,
            6.5396,
            20.8252,
            21.0794,
            13.1607,
            34.6562,
            21.8793,
            27.0371,
            7.0775,
            12.1906,
            27.4954,
            26.7589,
            15.4651,
            14.3727,
            9.9183,
            33.4733,
            20.9471,
            23.0177,
            11.7902,
            20.9929,
            9.5721,
            23.3354,
            16.5,
            12.898,
            13.5643,
            13.3039,
            27.3268,
            7.0029,
            10.3886,
            5.8588,
            34.1389,
            24.3741,
            6.4823,
            11.7903,
            4.0122,
            7.2596,
            14.5728,
            31.6879,
            15.1142,
            20.4882,
            13.5911,
            26.8328,
            7.2818,
            4.0663,
            16.1037,
            10.7597,
            39.2435,
            9.5978,
            19.3746,
            6.4087,
            31.9694,
            26.7581,
            15.9518
        ]
    },
    "globalMetrics": {
        "testWeight": 20088,
        "targetAvg": [
            17.439974113898842
        ],
        "targetStd": [
            10.05937088930713
        ],
        "predictionAvg": [
            17.453712363138838
        ],
        "predictionStd": [
            9.972762252304113
        ]
    },
    "predictionPDF": {
        "x": [
            3.6362287985587494,
            4.418957247744884,
            5.201685696931019,
            5.984414146117154,
            6.767142595303289,
            7.549871044489424,
            8.33259949367556,
            9.115327942861693,
            9.89805639204783,
            10.680784841233963,
            11.4635132904201,
            12.246241739606234,
            13.028970188792368,
            13.811698637978504,
            14.594427087164638,
            15.377155536350774,
            16.159883985536908,
            16.942612434723042,
            17.72534088390918,
            18.508069333095314,
            19.290797782281448,
            20.073526231467586,
            20.85625468065372,
            21.638983129839854,
            22.421711579025988,
            23.204440028212122,
            23.98716847739826,
            24.769896926584394,
            25.55262537577053,
            26.335353824956663,
            27.1180822741428,
            27.900810723328934,
            28.68353917251507,
            29.466267621701203,
            30.248996070887337,
            31.031724520073475,
            31.81445296925961,
            32.59718141844574,
            33.37990986763187,
            34.16263831681801,
            34.94536676600415,
            35.72809521519028,
            36.51082366437642,
            37.29355211356255,
            38.076280562748686,
            38.859009011934816,
            39.641737461120954,
            40.42446591030709,
            41.20719435949322,
            41.98992280867936,
            42.77265125786549,
            43.55537970705163,
            44.338108156237766,
            45.1208366054239,
            45.903565054610034,
            46.68629350379617,
            47.4690219529823,
            48.25175040216844,
            49.03447885135457,
            49.81720730054071,
            50.599935749726846,
            51.38266419891298,
            52.165392648099115,
            52.948121097285245,
            53.73084954647138,
            54.51357799565752,
            55.29630644484365,
            56.07903489402979,
            56.86176334321592,
            57.64449179240206,
            58.427220241588195,
            59.209948690774326,
            59.99267713996046,
            60.775405589146594,
            61.55813403833273,
            62.34086248751887,
            63.123590936705,
            63.90631938589114,
            64.68904783507728,
            65.47177628426341,
            66.25450473344955,
            67.03723318263567,
            67.81996163182181,
            68.60269008100795,
            69.38541853019409,
            70.16814697938021,
            70.95087542856635,
            71.73360387775249,
            72.51633232693862,
            73.29906077612476,
            74.08178922531089,
            74.86451767449702,
            75.64724612368316,
            76.4299745728693,
            77.21270302205544,
            77.99543147124156,
            78.7781599204277,
            79.56088836961383,
            80.34361681879997,
            81.12634526798611
        ],
        "pdf": [
            0.01793363077521371,
            0.02622278459813675,
            0.03471424051415071,
            0.04301580879480715,
            0.04852582059307114,
            0.048833015916515114,
            0.04604253285883137,
            0.04444286724352314,
            0.04465918926414261,
            0.04385005515995336,
            0.040721961206615975,
            0.03718215578825726,
            0.03519661496422105,
            0.03482011496538561,
            0.035971715842892785,
            0.039198764952661336,
            0.04316639759459805,
            0.0440272398449931,
            0.03946831456770495,
            0.031917953585101466,
            0.02609090821887951,
            0.024284277412043608,
            0.024983727116974497,
            0.025152084824854763,
            0.023114982947174487,
            0.019846220377533186,
            0.018159278371822695,
            0.020414712700754765,
            0.026140153896620177,
            0.03143149255672807,
            0.031809828312042696,
            0.026629564055571656,
            0.019534468369914876,
            0.014340416666989556,
            0.012100893145005672,
            0.011888424111966346,
            0.012461452361851593,
            0.012870446880233947,
            0.01255681542481587,
            0.011486338351048859,
            0.010071814988068037,
            0.008716327671559719,
            0.0074551447929400595,
            0.006139819492186646,
            0.004807730792202023,
            0.003718992785105314,
            0.00311031411665346,
            0.002991858019760664,
            0.0031421604095752498,
            0.0032387376364701966,
            0.003039923255923252,
            0.002551473488526456,
            0.002014178775023613,
            0.001648367282934892,
            0.001436727091031479,
            0.001226758562505663,
            0.0009637630468762661,
            0.0007127682724778098,
            0.0005269179521728091,
            0.0004006272851570812,
            0.0003181264601972335,
            0.0002939097974439468,
            0.0003630648503562723,
            0.0005240577046219915,
            0.0006921440842733121,
            0.0007446200665872627,
            0.000634453218950367,
            0.00043575311377711353,
            0.0002607822172109423,
            0.00016345583625414757,
            0.00013511326693306633,
            0.0001493647382130053,
            0.00018161960325744153,
            0.00020517929097402831,
            0.00019984533138401708,
            0.00017205530561452374,
            0.00014935827997159407,
            0.00014737900842894062,
            0.00015742235948118698,
            0.00016839708674369627,
            0.00017875736273027437,
            0.00018160964821824926,
            0.00016182979474630322,
            0.00011889205566452629,
            7.411153692455222e-05,
            4.6605839692832266e-05,
            3.667280578767407e-05,
            3.6240023318553453e-05,
            4.1966911526084726e-05,
            5.219276053265417e-05,
            5.910834032108045e-05,
            5.3606616716524374e-05,
            3.676157556375633e-05,
            1.8956747107975555e-05,
            8.834597199656259e-06,
            8.997170360096392e-06,
            1.9394694446545036e-05,
            3.717659269962568e-05,
            5.305201230735751e-05,
            5.553583706988505e-05
        ]
    }
}