{
  "state": "DONE",
  "preSearchDescription": {
    "gridLength": 2,
    "searchStrategy": "GRID",
    "importantParams": [
      {
        "name": "trees",
        "vals": [
          "100"
        ]
      },
      {
        "name": "depth",
        "vals": [
          "6",
          "13"
        ]
      },
      {
        "name": "min_samples",
        "vals": [
          "10"
        ]
      }
    ]
  },
  "postSearchDescription": {
    "importantParams": [
      {
        "name": "trees",
        "val": "100"
      },
      {
        "name": "depth",
        "val": "13"
      },
      {
        "name": "min_samples",
        "val": "10"
      }
    ]
  },
  "resumed": false,
  "timeOrderingEnabled": false,
  "sampleWeightsEnabled": false,
  "modelId": "m1",
  "progress": {
    "top_level_todo": [],
    "stack": [],
    "top_level_done": [
      {
        "name": "Loading train set",
        "time": 245
      },
      {
        "name": "Loading test set",
        "time": 56
      },
      {
        "name": "Collecting statistics",
        "time": 143
      },
      {
        "name": "Preprocessing train set",
        "time": 356
      },
      {
        "name": "Preprocessing test set",
        "time": 84
      },
      {
        "name": "Hyperparameter searching",
        "time": 128631
      },
      {
        "name": "Fitting model",
        "time": 17825
      },
      {
        "name": "Saving model",
        "time": 67
      },
      {
        "name": "Scoring model",
        "time": 2319
      }
    ]
  },
  "startTime": 1648984921465,
  "endTime": 1648985071303,
  "preprocessingTime": 887,
  "trainingTime": 148951,
  "hyperparamsSearchTime": 128631
}